"統計名：","都道府県データ 基礎データ"
"表番号：","0000010106"
"表題：","Ｆ　労働"
"実施年月：","-","-"
"市区町村時点（年月日）：","-"

"***","調査又は集計していないもの"
"-","データが得られないもの"
"X","数値が秘匿されているもの"

"","","","","","","/Ｆ　労働 コード","F1201","F120101","F120102","F1202","F120201","F120202","F1203","F1204","F1205","F120501","F120502","F1206","F1207","F1208","F2501","F250101","F250102","F2502","F2503","F3101","F3102","F3103","F310301","F3104","F3105","F3106","F310603","F3107","F3108","F3201","F3202","F3211","F3212","F3221","F3222","F3230","F3240","F3241","F3242","F3301","F3302","F3311","F3312","F3321","F3322","F340101","F340102","F340103","F340201","F340202","F340203","F341101","F341102","F341103","F341201","F341202","F341203","F341204","F341205","F341206","F3502","F35021","F350210","F350220","F350221","F4101","F4102","F4103","F4104","F4105","F4106","F4107","F4108","F4201","F4202","F420211","F4203","F4204","F4205","F610101","F610102","F610201","F610202","F610203","F610204","F610205","F610206","F620101","F620102","F620201","F620202","F620215","F620216","F620217","F620218","F6204","F6205","F6206","F6207","F6301","F6302","F6303","F6401","F6402","F6403","F6404","F6407","F6408","F6409","F6410","F6411","F6412","F6501","F8101","F8102","F9101","F9102","F9201","F9202","F9203"
"","","","","","","/Ｆ　労働 補助コード","-","-","-","-","-","-","-","-","-","-","-","-","-","-","-","-","-","-","-","-","-","-","-","-","-","-","-","-","-","-","-","-","-","-","-","-","-","-","-","-","-","-","-","-","-","-","-","-","-","-","-","-","-","-","-","-","-","-","-","-","-","-","-","-","-","-","-","-","-","-","-","-","-","-","-","-","-","-","-","-","-","-","-","-","-","-","-","-","-","-","-","-","-","-","-","-","-","-","-","-","-","-","-","-","-","-","-","-","-","-","-","-","-","-","-","-","-","-","-","-"
"調査年 コード","調査年 補助コード","調査年","地域 コード","地域 補助コード","地域","/Ｆ　労働","F1201_15歳以上人口（就業構造基本調査結果）【千人】","F120101_15歳以上人口（男）（就業構造基本調査結果）【千人】","F120102_15歳以上人口（女）（就業構造基本調査結果）【千人】","F1202_有業者数【千人】","F120201_有業者数（男）【千人】","F120202_有業者数（女）【千人】","F1203_有業者数・仕事が主な者【千人】","F1204_有業者数・仕事は従な者【千人】","F1205_無業者数【千人】","F120501_無業者数（男）【千人】","F120502_無業者数（女）【千人】","F1206_無業者数・家事をしている者【千人】","F1207_無業者数・通学している者【千人】","F1208_無業者数・その他【千人】","F2501_雇用者数（就業構造基本調査）【千人】","F250101_雇用者数（男）（就業構造基本調査）【千人】","F250102_雇用者数（女）（就業構造基本調査）【千人】","F2502_自営業主数【千人】","F2503_家族従業者数（就業構造基本調査結果）【千人】","F3101_新規求職申込件数（一般）【件】","F3102_月間有効求職者数（一般）（年度計）【人】","F3103_月間有効求人数（一般）（年度計）【人】","F310301_有効求人倍率【倍】","F3104_充足数（一般）【件】","F3105_就職件数（一般）（年度計）【件】","F3106_県内就職件数（一般）（年度計）【件】","F310603_他県への就職件数（一般）【件】","F3107_労働者数（一般）（〜2019）【１０人】","F3108_労働者数（一般）【１０人】","F3201_パートタイム新規求職申込件数（常用）【件】","F3202_パートタイム新規求職申込件数（臨時）【件】","F3211_パートタイム月間有効求職者数（常用）（年度計）【人】","F3212_パートタイム月間有効求職者数（臨時）（年度計）【人】","F3221_パートタイム就職件数（常用）【件】","F3222_パートタイム就職件数（臨時）【件】","F3230_女性パートタイム労働者数（〜2019）【１０人】","F3240_男性パートタイム労働者数（〜2019）【１０人】","F3241_女性パートタイム労働者数【１０人】","F3242_男性パートタイム労働者数【１０人】","F3301_新規学卒者求職者数（中学）【人】","F3302_新規学卒者求職者数（高校）【人】","F3311_新規学卒者求人数（中学）【人】","F3312_新規学卒者求人数（高校）【人】","F3321_新規学卒者就職者数（中学）【人】","F3322_新規学卒者就職者数（高校）【人】","F340101_中高年齢者新規求職申込件数（45歳以上）【件】","F340102_中高年齢者新規求職申込件数（55歳以上）【件】","F340103_中高年齢者新規求職申込件数（65歳以上）【件】","F340201_中高年齢者有効求職者数（45歳以上）（月平均）【人】","F340202_中高年齢者有効求職者数（55歳以上）（月平均）【人】","F340203_中高年齢者有効求職者数（65歳以上）（月平均）【人】","F341101_中高年齢者就職件数（45歳以上）【件】","F341102_中高年齢者就職件数（55歳以上）【件】","F341103_中高年齢者就職件数（65歳以上）【件】","F341201_一般労働者数（45歳以上）（企業規模10人以上の事業所）（〜2019）【１０人】","F341202_一般労働者数（55歳以上）（企業規模10人以上の事業所）（〜2019）【１０人】","F341203_一般労働者数（65歳以上）（企業規模10人以上の事業所）（〜2019）【１０人】","F341204_一般労働者数（45歳以上）（企業規模10人以上の事業所）【１０人】","F341205_一般労働者数（55歳以上）（企業規模10人以上の事業所）【１０人】","F341206_一般労働者数（65歳以上）（企業規模10人以上の事業所）【１０人】","F3502_障害者就職件数【件】","F35021_障害者就職率【％】","F350210_身体障害者就職件数【件】","F350220_知的障害者等就職件数【件】","F350221_知的障害者就職件数【件】","F4101_継続就業希望者数【千人】","F4102_追加就業希望者数【千人】","F4103_追加就業希望者数（求職者）【千人】","F4104_転職希望者数【千人】","F4105_転職希望者数（求職者）【千人】","F4106_就業休止希望者数【千人】","F4107_就業希望者数【千人】","F4108_非就業希望者数【千人】","F4201_継続就業者数【千人】","F4202_転職者数【千人】","F420211_転職者比率【％】","F4203_離職者数【千人】","F4204_新規就業者数【千人】","F4205_継続非就業者数【千人】","F610101_所定内実労働時間数（男）（〜2019）【時間】","F610102_所定内実労働時間数（女）（〜2019）【時間】","F610201_超過実労働時間数（男）（〜2019）【時間】","F610202_超過実労働時間数（女）（〜2019）【時間】","F610203_所定内実労働時間数（男）【時間】","F610204_所定内実労働時間数（女）【時間】","F610205_超過実労働時間数（男）【時間】","F610206_超過実労働時間数（女）【時間】","F620101_きまって支給する現金給与額（男）（〜2019）【千円】","F620102_きまって支給する現金給与額（女）（〜2019）【千円】","F620201_所定内給与額（男）（〜2019）【千円】","F620202_所定内給与額（女）（〜2019）【千円】","F620215_きまって支給する現金給与額（男）【千円】","F620216_きまって支給する現金給与額（女）【千円】","F620217_所定内給与額（男）【千円】","F620218_所定内給与額（女）【千円】","F6204_女性パートタイムの給与（〜2019）【円】","F6205_男性パートタイムの給与（〜2019）【円】","F6206_女性パートタイムの給与【円】","F6207_男性パートタイムの給与【円】","F6301_労働日数【日】","F6302_労働日数（男）【日】","F6303_労働日数（女）【日】","F6401_新規学卒者初任給（高校）（男）【千円】","F6402_新規学卒者初任給（高校）（女）【千円】","F6403_新規学卒者初任給（大学）（男）【千円】","F6404_新規学卒者初任給（高専・短大）（女）【千円】","F6407_新規学卒者所定内給与額（高校）（男）【千円】","F6408_新規学卒者所定内給与額（高校）（女）【千円】","F6409_新規学卒者所定内給与額（高専・短大）（男）【千円】","F6410_新規学卒者所定内給与額（高専・短大）（女）【千円】","F6411_新規学卒者所定内給与額（大学）（男）【千円】","F6412_新規学卒者所定内給与額（大学）（女）【千円】","F6501_地域別最低賃金【円】","F8101_労働災害度数率【‐】","F8102_労働災害強度率【‐】","F9101_労働組合数【‐】","F9102_労働組合員数【人】","F9201_労働争議件数【件】","F9202_争議行為参加人員【人】","F9203_労働損失日数【日】"
"2017100000","","2017年度","00000","","全国","","110,977","53,543","57,434","66,213","37,074","29,139","54,458","11,732","44,764","16,469","28,295","20,561","6,488","17,683","59,208","32,536","26,672","5,617","1,221","3,414,170","13,996,453","19,667,524","1.54","1,027,076","1,026,611","891,483","***","2,272,196","***","1,633,669","13,028","7,206,077","45,806","589,157","98,815","555,073","203,978","***","***","650","171,209","1,891","432,645","584","170,635","1,332,942","650,033","171,034","477,051","234,976","51,591","381,459","159,710","25,932","975,566","410,337","65,301","***","***","***","97,814","***","26,756","71,058","20,987","51,732","4,244","1,460","6,718","2,812","2,674","8,623","35,551","57,781","3,316","5.0","2,556","3,749","41,427","166","163","16","8","***","***","***","***","371.3","263.6","335.5","246.1","***","***","***","***","1,074","1,154","***","***","18.5","19.4","17.5","164.2","158.4","207.8","178.4","***","***","***","***","***","***","848","1.66","0.09","51,325","9,915,574","330","1,866","2,332"
"2017100000","","2017年度","01000","","北海道","","4,717","2,191","2,526","2,613","1,433","1,179","2,133","479","2,104","758","1,346","957","248","898","2,339","1,265","1,074","202","66","211,045","772,601","856,866","1.14","47,555","48,178","46,307","***","99,245","***","69,025","170","322,184","638","19,305","3,069","24,909","9,396","***","***","2","7,581","13","18,046","2","7,533","102,188","60,669","25,035","29,876","16,756","5,503","18,846","8,005","1,370","45,120","21,231","4,383","***","***","***","4,660","***","1,219","3,441","1,015","2,048","139","42","280","107","115","387","1,664","2,285","127","4.9","123","146","1,918","169","163","14","7","***","***","***","***","320.2","236.0","293.1","222.0","***","***","***","***","995","1,051","***","***","19.5","20.2","18.7","154.6","153.7","195.6","167.5","***","***","***","***","***","***","810","2.80","0.13","3,113","323,424","10","0","0"
"2017100000","","2017年度","02000","","青森県","","1,134","525","609","649","350","299","564","85","485","175","310","205","61","219","543","288","255","73","31","58,225","203,753","227,618","1.27","18,233","19,476","17,609","***","19,746","***","20,088","149","84,484","433","9,679","2,041","3,709","1,250","***","***","4","3,288","1","5,087","4","3,287","26,176","14,937","4,978","7,640","4,249","1,200","6,899","2,912","460","9,111","4,118","567","***","***","***","1,208","***","304","904","258","517","29","10","66","26","30","79","399","588","24","3.7","23","29","452","168","166","14","7","***","***","***","***","290.9","209.9","263.2","199.3","***","***","***","***","889","1,139","***","***","20.4","21.1","19.6","148.8","143.9","186.5","160.1","***","***","***","***","***","***","738","1.08","0.04","550","51,469","3","0","0"
"2017100000","","2017年度","03000","","岩手県","","1,110","530","580","655","364","290","573","81","456","165","290","196","62","197","559","306","254","70","25","48,998","175,221","236,325","1.42","19,552","20,647","18,480","***","24,383","***","19,174","182","76,414","519","8,734","1,718","4,490","1,410","***","***","4","3,004","7","5,699","4","3,003","20,021","10,339","2,727","6,325","3,317","732","7,848","3,626","650","11,185","5,502","815","***","***","***","1,214","***","300","914","206","510","32","9","74","28","31","76","377","586","31","4.7","25","27","425","169","165","16","9","***","***","***","***","290.4","212.4","260.2","198.6","***","***","***","***","920","982","***","***","20.2","20.6","19.7","148.1","144.0","196.1","158.0","***","***","***","***","***","***","738","1.59","0.15","744","76,506","0","0","0"
"2017100000","","2017年度","04000","","宮城県","","2,040","989","1,051","1,207","685","522","1,031","176","833","304","528","375","124","333","1,099","611","488","91","16","75,721","298,893","482,818","1.62","24,328","24,059","21,303","***","37,860","***","31,509","163","135,520","664","11,091","2,308","7,029","2,524","***","***","5","4,100","20","11,002","5","4,084","27,520","13,561","3,361","9,589","4,740","940","8,683","3,936","682","16,304","7,388","1,169","***","***","***","1,717","***","477","1,240","397","937","73","23","138","58","49","159","671","1,060","62","5.1","47","65","780","166","164","15","9","***","***","***","***","345.1","241.8","313.5","225.9","***","***","***","***","998","1,053","***","***","18.8","19.3","18.1","157.5","149.2","205.1","165.4","***","***","***","***","***","***","772","1.85","0.05","1,077","143,637","3","7","0"
"2017100000","","2017年度","05000","","秋田県","","894","415","479","500","277","223","436","64","394","139","256","180","43","171","429","230","199","56","14","38,605","138,191","172,879","1.41","14,866","15,517","14,396","***","18,932","***","15,059","106","63,584","408","6,972","1,800","3,918","1,078","***","***","0","2,239","0","4,295","0","2,239","16,400","9,295","2,737","5,158","2,972","699","5,576","2,492","313","9,035","4,319","583","***","***","***","758","***","250","508","149","398","25","8","52","21","23","54","336","455","20","4.0","19","20","370","169","167","14","6","***","***","***","***","291.5","219.1","264.1","207.3","***","***","***","***","943","966","***","***","20.1","20.7","19.5","147.9","140.5","203.7","148.0","***","***","***","***","***","***","738","1.35","0.03","520","69,089","0","0","0"
"2017100000","","2017年度","06000","","山形県","","970","462","508","580","318","262","510","69","391","145","246","161","53","176","489","262","228","65","24","42,401","145,294","208,872","1.59","16,592","17,046","15,902","***","21,339","***","15,652","152","60,613","400","7,006","1,549","3,703","1,356","***","***","2","2,744","2","5,711","2","2,741","15,369","7,901","1,893","4,732","2,497","461","5,540","2,382","316","9,527","4,353","532","***","***","***","908","***","314","594","171","460","28","8","58","21","25","57","331","523","24","4.1","20","22","367","170","166","16","8","***","***","***","***","302.2","220.3","272.4","206.2","***","***","***","***","918","1,002","***","***","19.7","20.4","19.1","153.8","145.1","189.6","162.3","***","***","***","***","***","***","739","1.25","0.03","633","72,890","3","0","0"
"2017100000","","2017年度","07000","","福島県","","1,660","817","843","971","560","411","850","121","689","257","432","294","92","302","842","481","362","95","32","69,578","249,558","361,302","1.47","24,872","25,913","23,350","***","36,847","***","24,209","126","99,290","398","8,631","1,750","6,259","2,244","***","***","3","4,595","4","9,344","3","4,591","27,018","14,592","3,441","8,614","4,684","855","9,259","4,312","704","16,351","7,855","1,224","***","***","***","1,367","***","474","893","233","775","49","15","96","35","41","114","570","866","43","4.4","37","46","643","168","166","16","9","***","***","***","***","324.6","229.9","289.6","213.4","***","***","***","***","962","1,110","***","***","19.6","20.1","19.0","158.1","150.2","194.7","162.5","***","***","***","***","***","***","748","1.65","0.09","849","113,322","0","0","0"
"2017100000","","2017年度","08000","","茨城県","","2,535","1,258","1,277","1,515","872","643","1,265","249","1,020","386","634","465","143","412","1,335","755","581","137","38","72,520","285,133","393,717","1.50","20,996","22,483","18,617","***","45,452","***","36,904","270","151,537","937","13,107","2,019","10,274","3,016","***","***","20","5,002","12","10,455","18","4,996","26,730","12,670","3,018","9,324","4,543","868","7,686","3,076","489","19,787","8,359","1,071","***","***","***","1,927","***","460","1,467","383","1,208","79","27","152","61","60","191","823","1,345","67","4.4","61","76","948","165","163","17","9","***","***","***","***","371.1","251.4","331.6","232.0","***","***","***","***","1,039","1,176","***","***","18.6","19.2","17.7","164.2","158.3","206.3","173.1","***","***","***","***","***","***","796","1.65","0.06","929","194,083","12","118","70"
"2017100000","","2017年度","09000","","栃木県","","1,709","845","864","1,034","589","445","868","166","675","256","419","296","95","283","915","509","406","95","21","59,859","242,119","310,225","1.37","18,405","19,474","16,422","***","35,774","***","28,868","108","123,257","488","10,650","1,636","8,490","2,877","***","***","13","3,638","20","7,641","11","3,626","20,808","9,983","2,151","7,807","3,908","736","6,549","2,661","339","15,489","6,800","845","***","***","***","1,635","***","438","1,197","389","818","51","18","104","40","44","130","540","911","52","5.0","39","50","628","169","165","18","10","***","***","***","***","362.8","252.0","322.1","232.6","***","***","***","***","980","1,083","***","***","18.9","19.8","17.8","163.0","160.5","206.0","177.8","***","***","***","***","***","***","800","1.01","0.03","692","152,441","2","0","0"
"2017100000","","2017年度","10000","","群馬県","","1,717","843","874","1,029","583","446","846","182","688","260","428","310","100","278","912","508","404","91","25","48,320","188,049","267,201","1.62","14,574","15,256","12,811","***","31,084","***","24,172","1,057","97,817","3,821","9,827","1,558","7,946","2,151","***","***","17","3,168","16","8,261","14","3,165","17,510","7,675","1,580","6,021","2,750","463","5,239","1,986","222","13,582","5,923","1,004","***","***","***","1,336","***","414","922","286","812","58","20","106","46","41","122","564","907","52","5.1","40","52","644","167","165","19","8","***","***","***","***","350.4","242.9","311.2","226.6","***","***","***","***","1,036","1,122","***","***","19.0","19.7","18.1","167.1","159.3","204.0","168.6","***","***","***","***","***","***","783","1.85","0.11","700","134,917","2","0","0"
"2017100000","","2017年度","11000","","埼玉県","","6,407","3,183","3,223","3,907","2,247","1,660","3,145","760","2,500","937","1,563","1,213","381","904","3,561","2,017","1,544","283","52","142,747","630,139","692,959","1.26","27,725","32,261","21,774","***","99,384","***","73,878","286","341,908","1,157","21,812","3,532","37,362","13,602","***","***","28","7,041","95","16,339","28","7,041","57,577","26,963","7,220","22,130","10,501","2,319","12,772","5,185","894","43,211","17,268","2,857","***","***","***","4,024","***","934","3,090","964","3,034","243","83","426","192","148","539","1,933","3,361","217","5.6","149","242","2,313","169","163","18","10","***","***","***","***","362.4","261.0","325.2","242.0","***","***","***","***","1,092","1,142","***","***","18.1","19.2","16.8","171.0","171.2","210.2","180.1","***","***","***","***","***","***","871","2.27","0.05","1,697","354,317","7","0","0"
"2017100000","","2017年度","12000","","千葉県","","5,487","2,712","2,775","3,274","1,887","1,387","2,659","615","2,213","825","1,389","1,093","302","816","2,963","1,683","1,279","241","62","112,270","532,527","602,897","1.28","23,755","30,123","20,178","***","77,859","***","57,305","111","278,333","534","19,237","2,984","26,649","9,387","***","***","16","5,690","107","13,070","14","5,631","46,320","22,520","6,451","19,079","9,279","2,143","12,380","5,240","992","32,441","14,010","2,732","***","***","***","3,351","***","861","2,490","805","2,523","223","83","350","157","127","464","1,708","2,821","190","5.8","130","188","2,026","166","162","15","9","***","***","***","***","373.6","280.0","338.7","260.4","***","***","***","***","1,138","1,227","***","***","18.0","19.1","16.8","167.9","164.1","211.4","191.7","***","***","***","***","***","***","868","2.07","0.12","1,344","432,512","8","0","0"
"2017100000","","2017年度","13000","","東京都","","12,177","5,967","6,210","7,887","4,433","3,454","6,580","1,303","4,290","1,534","2,756","2,056","708","1,523","7,151","3,961","3,190","624","84","326,193","1,505,384","2,743,679","2.09","99,432","71,673","60,945","***","383,616","***","133,443","697","611,664","3,613","44,684","8,937","58,893","30,264","***","***","30","6,283","215","48,689","30","6,279","135,826","65,108","15,897","53,626","25,146","5,230","31,262","13,775","2,867","156,678","57,336","8,721","***","***","***","6,809","***","1,826","4,983","1,529","5,921","677","282","871","392","290","1,022","3,154","6,744","446","5.7","259","489","3,899","163","159","13","10","***","***","***","***","447.8","324.9","414.6","303.0","***","***","***","***","1,293","1,328","***","***","18.0","18.8","16.9","174.0","169.9","217.4","188.7","***","***","***","***","***","***","958","1.48","0.13","7,193","2,259,743","112","699","905"
"2017100000","","2017年度","14000","","神奈川県","","8,027","3,986","4,042","4,901","2,834","2,067","3,931","970","3,127","1,152","1,975","1,528","469","1,127","4,536","2,605","1,932","301","51","172,678","772,339","830,324","1.18","30,208","34,557","24,314","***","131,200","***","84,141","3,346","374,873","10,483","24,187","4,391","42,239","15,335","***","***","22","5,197","103","13,375","22","5,194","76,275","36,232","9,502","29,053","13,859","2,910","15,497","6,548","1,150","56,537","22,215","4,018","***","***","***","4,220","***","1,077","3,143","1,121","3,767","371","132","536","247","170","668","2,419","4,221","260","5.3","193","314","2,871","165","162","17","9","***","***","***","***","398.7","286.2","358.8","267.7","***","***","***","***","1,164","1,205","***","***","17.7","18.8","16.4","170.8","173.6","208.4","187.7","***","***","***","***","***","***","956","1.78","0.07","2,419","587,513","3","99","98"
"2017100000","","2017年度","15000","","新潟県","","2,000","960","1,040","1,165","649","517","1,002","163","834","311","523","358","116","360","1,024","563","461","109","30","75,331","273,175","408,052","1.56","27,448","27,777","26,287","***","43,742","***","35,518","207","142,124","716","14,896","2,785","9,232","3,380","***","***","1","3,386","4","8,793","1","3,386","27,451","13,669","3,764","8,721","4,365","936","8,847","3,424","487","19,248","8,603","1,263","***","***","***","1,809","***","496","1,313","364","913","59","16","121","45","60","129","698","1,049","52","4.4","47","48","777","168","165","15","7","***","***","***","***","313.5","229.2","283.6","216.1","***","***","***","***","969","1,081","***","***","19.7","20.2","19.1","162.5","151.9","189.9","168.4","***","***","***","***","***","***","778","1.77","0.05","1,055","163,019","3","0","0"
"2017100000","","2017年度","16000","","富山県","","931","447","484","554","305","249","478","77","377","142","235","163","53","161","505","272","232","41","8","30,100","109,960","187,365","1.86","11,643","11,801","11,005","***","19,917","***","15,867","132","66,009","375","6,710","1,555","4,119","1,572","***","***","2","1,974","3","5,146","2","1,973","11,318","5,512","1,634","3,608","1,808","442","4,198","1,640","258","8,819","3,899","670","***","***","***","1,109","***","300","809","181","441","27","7","56","20","27","52","325","498","24","4.3","19","24","355","168","166","16","9","***","***","***","***","327.1","233.9","294.4","218.8","***","***","***","***","992","1,031","***","***","19.3","19.9","18.7","162.9","157.4","202.1","164.4","***","***","***","***","***","***","795","1.17","0.22","594","87,600","0","0","0"
"2017100000","","2017年度","17000","","石川県","","1,001","481","520","610","331","279","514","96","391","150","241","162","65","164","546","288","258","53","11","32,371","124,475","203,658","1.89","11,404","11,378","10,309","***","22,078","***","15,475","88","66,712","250","6,335","1,091","5,978","2,291","***","***","3","2,001","2","5,467","3","2,001","11,939","5,906","1,639","4,014","2,038","481","4,068","1,726","283","9,550","4,292","829","***","***","***","1,249","***","288","961","163","485","34","8","59","22","28","58","329","542","27","4.4","20","32","367","168","165","17","8","***","***","***","***","339.5","242.2","303.4","228.1","***","***","***","***","1,002","1,062","***","***","19.3","19.9","18.6","169.0","155.8","199.6","160.7","***","***","***","***","***","***","781","1.31","0.16","543","77,970","0","0","0"
"2017100000","","2017年度","18000","","福井県","","677","326","351","422","231","192","362","61","255","96","160","105","40","110","374","200","174","41","7","19,441","71,972","132,724","2.02","8,658","8,791","8,101","***","16,223","***","11,764","157","47,690","446","5,977","959","3,588","1,310","***","***","0","1,470","5","3,886","0","1,470","6,790","3,359","844","2,295","1,202","258","2,813","1,194","184","7,116","3,176","499","***","***","***","796","***","219","577","150","339","23","6","37","12","20","35","220","381","19","4.5","13","18","241","168","166","15","7","***","***","***","***","339.3","235.2","306.4","219.3","***","***","***","***","992","1,044","***","***","19.1","19.7","18.4","163.0","153.8","196.3","171.5","***","***","***","***","***","***","778","1.63","0.05","432","55,356","0","0","0"
"2017100000","","2017年度","19000","","山梨県","","724","352","372","442","247","195","368","74","282","104","178","124","47","111","374","202","172","54","13","24,121","93,787","123,949","1.41","7,612","7,987","7,101","***","12,673","***","13,219","294","54,933","831","4,893","1,007","3,154","1,039","***","***","9","1,248","16","2,667","8","1,244","8,944","3,994","829","3,097","1,445","264","2,881","1,170","175","5,757","2,414","456","***","***","***","669","***","175","494","143","355","25","8","43","18","17","52","230","396","20","4.6","16","21","264","166","165","17","9","***","***","***","***","346.3","243.8","309.7","226.2","***","***","***","***","1,004","1,114","***","***","18.9","19.7","18.1","162.2","158.1","207.1","167.3","***","***","***","***","***","***","784","1.21","0.14","324","43,638","1","0","0"
"2017100000","","2017年度","20000","","長野県","","1,814","877","937","1,112","618","493","923","188","702","259","444","318","106","279","960","515","445","128","22","60,552","239,248","382,130","1.63","21,522","21,758","20,331","***","38,021","***","31,975","766","141,085","2,827","13,276","2,151","9,058","2,703","***","***","10","3,311","20","6,686","9","3,298","22,468","10,487","2,639","7,819","3,733","756","7,316","2,866","394","17,224","7,477","1,085","***","***","***","2,077","***","495","1,582","372","889","63","20","105","44","44","118","583","994","46","4.1","37","56","660","168","164","16","9","***","***","***","***","337.4","239.4","302.4","222.3","***","***","***","***","1,033","1,211","***","***","19.3","19.9","18.5","162.7","162.3","199.1","171.1","***","***","***","***","***","***","795","1.78","0.03","1,444","174,978","5","184","89"
"2017100000","","2017年度","21000","","岐阜県","","1,749","840","909","1,059","584","475","854","205","690","255","434","303","106","281","931","503","427","103","24","47,133","185,314","318,991","1.85","15,604","16,150","13,866","***","30,739","***","30,164","550","125,834","1,839","11,826","1,223","8,884","2,954","***","***","21","4,112","91","9,742","20","4,112","18,101","8,337","2,012","6,301","3,038","660","5,821","2,326","364","13,504","6,124","1,116","***","***","***","1,965","***","556","1,409","449","851","60","19","96","34","44","115","562","950","48","4.5","38","50","639","170","167","18","8","***","***","***","***","342.5","240.0","304.2","225.2","***","***","***","***","983","1,072","***","***","18.7","19.5","17.8","167.8","159.4","213.2","171.9","***","***","***","***","***","***","800","1.38","0.06","603","126,159","6","88","176"
"2017100000","","2017年度","22000","","静岡県","","3,206","1,566","1,639","1,945","1,092","854","1,604","340","1,260","475","785","562","171","527","1,742","957","785","174","26","92,563","379,743","602,762","1.58","27,107","27,763","25,265","***","72,226","***","45,826","174","213,964","639","14,809","2,172","17,646","6,524","***","***","44","6,574","95","15,275","41","6,568","34,794","16,347","3,474","12,952","6,450","1,221","9,951","4,122","614","32,863","15,084","2,305","***","***","***","2,768","***","802","1,966","738","1,561","103","34","191","85","75","228","1,027","1,723","100","5.1","69","98","1,182","168","166","17","9","***","***","***","***","360.6","243.3","321.3","226.0","***","***","***","***","1,025","1,080","***","***","18.8","19.8","17.8","165.7","162.4","200.3","176.8","***","***","***","***","***","***","832","1.61","0.09","1,245","280,352","9","0","0"
"2017100000","","2017年度","23000","","愛知県","","6,508","3,241","3,267","4,069","2,334","1,735","3,265","804","2,439","907","1,532","1,129","378","931","3,754","2,116","1,638","277","31","149,520","648,078","1,143,998","1.86","40,810","38,427","34,782","***","166,826","***","83,716","192","385,399","839","25,786","3,551","41,842","15,196","***","***","191","11,951","586","35,751","190","11,947","54,494","24,304","5,893","20,644","9,405","1,922","13,913","5,318","819","67,098","26,960","3,704","***","***","***","5,489","***","1,378","4,111","1,136","3,238","245","76","394","163","145","473","1,945","3,552","191","4.7","142","248","2,269","167","164","20","10","***","***","***","***","392.2","272.9","345.0","252.4","***","***","***","***","1,086","1,174","***","***","18.4","19.2","17.2","167.2","166.6","209.1","180.0","***","***","***","***","***","***","871","1.20","0.05","2,512","784,070","17","0","0"
"2017100000","","2017年度","24000","","三重県","","1,572","760","812","941","529","413","767","174","631","231","400","290","89","251","839","463","376","81","19","43,037","168,468","259,904","1.65","13,000","13,614","11,880","***","32,551","***","24,820","322","105,869","1,040","8,295","1,401","8,535","2,650","***","***","13","4,130","26","7,925","8","4,118","15,855","7,622","1,730","5,525","2,738","487","5,094","2,270","344","13,899","5,487","718","***","***","***","1,693","***","458","1,235","350","748","52","16","86","36","42","106","518","830","46","4.9","34","47","584","165","165","20","9","***","***","***","***","371.7","253.2","329.8","237.4","***","***","***","***","1,038","1,122","***","***","18.7","19.4","17.8","164.9","163.1","206.1","173.5","***","***","***","***","***","***","820","1.27","0.15","715","140,032","11","0","0"
"2017100000","","2017年度","25000","","滋賀県","","1,212","594","619","744","422","322","596","148","469","172","297","222","79","168","668","371","297","59","12","38,510","152,689","179,958","1.33","12,056","13,048","11,008","***","25,359","***","22,229","125","93,647","542","8,650","1,445","7,194","2,665","***","***","10","2,333","13","4,063","8","2,318","13,317","6,477","1,557","4,731","2,362","499","4,448","1,950","309","10,877","4,450","597","***","***","***","1,198","***","303","895","299","584","49","17","73","30","28","91","374","651","34","4.6","28","42","437","164","162","18","9","***","***","***","***","365.0","252.1","323.2","234.5","***","***","***","***","1,043","1,089","***","***","18.4","19.2","17.4","166.3","161.9","202.3","173.1","***","***","***","***","***","***","813","1.75","0.07","705","99,909","3","0","0"
"2017100000","","2017年度","26000","","京都府","","2,287","1,081","1,206","1,340","740","599","1,053","285","947","340","607","437","165","344","1,173","634","540","126","35","69,303","293,324","396,854","1.53","19,860","20,077","16,225","***","39,811","***","41,527","151","187,378","564","15,577","2,768","11,411","5,044","***","***","2","1,826","6","5,436","2","1,785","25,517","11,301","2,880","9,604","4,523","1,078","7,509","2,935","551","17,362","6,976","1,112","***","***","***","2,348","***","594","1,754","528","1,021","103","39","130","57","56","199","722","1,142","63","4.7","50","92","866","168","162","15","8","***","***","***","***","380.5","277.6","345.6","259.4","***","***","***","***","1,117","1,146","***","***","18.1","19.0","17.0","166.2","168.4","207.9","181.1","***","***","***","***","***","***","856","2.25","0.07","1,104","167,290","14","40","40"
"2017100000","","2017年度","27000","","大阪府","","7,752","3,692","4,060","4,471","2,479","1,992","3,582","889","3,281","1,212","2,068","1,532","453","1,295","4,038","2,190","1,847","348","70","252,030","1,105,390","1,554,140","1.62","71,519","64,850","56,627","***","143,973","***","113,787","277","539,892","1,253","43,723","4,904","37,261","14,288","***","***","22","7,690","158","31,624","22","7,690","95,545","41,270","9,861","36,630","16,177","3,690","26,169","10,444","1,779","60,913","23,521","3,243","***","***","***","7,911","***","2,194","5,717","1,815","3,446","310","105","454","181","180","700","2,529","3,833","227","5.1","194","280","3,008","164","161","15","9","***","***","***","***","392.8","285.4","358.1","265.6","***","***","***","***","1,155","1,222","***","***","18.4","19.3","17.2","170.6","168.7","208.3","189.0","***","***","***","***","***","***","909","1.60","0.05","4,167","702,767","26","0","0"
"2017100000","","2017年度","28000","","兵庫県","","4,806","2,264","2,542","2,722","1,512","1,211","2,167","555","2,084","753","1,331","992","300","791","2,459","1,338","1,121","217","41","135,735","574,133","661,933","1.32","36,367","38,425","31,428","***","90,117","***","74,281","483","322,299","1,350","24,531","3,636","27,782","8,649","***","***","12","5,943","27","14,066","12","5,916","53,923","25,043","6,358","19,648","9,349","2,082","14,878","6,045","996","39,105","15,618","2,582","***","***","***","3,796","***","1,180","2,616","942","2,146","178","66","258","115","109","413","1,643","2,392","125","4.6","119","162","1,937","165","163","20","8","***","***","***","***","360.8","265.0","319.3","247.7","***","***","***","***","1,080","1,154","***","***","18.2","19.0","17.2","164.5","162.0","204.6","188.2","***","***","***","***","***","***","844","1.55","0.16","2,043","388,545","22","0","0"
"2017100000","","2017年度","29000","","奈良県","","1,184","551","633","641","353","288","501","139","542","198","345","255","78","208","566","306","260","58","16","31,528","132,518","146,878","1.34","8,317","9,708","7,021","***","12,365","***","20,243","96","85,648","356","7,686","1,120","4,623","1,525","***","***","5","1,302","1","2,092","4","1,280","12,120","5,687","1,362","4,352","2,069","448","3,478","1,364","192","5,137","2,145","361","***","***","***","1,025","***","330","695","217","501","45","13","61","28","26","100","434","554","33","5.1","27","39","507","169","167","15","8","***","***","***","***","362.9","272.1","330.4","256.8","***","***","***","***","1,043","1,047","***","***","18.2","19.3","17.2","170.0","158.0","197.9","188.3","***","***","***","***","***","***","786","2.20","0.08","450","51,757","8","1","2"
"2017100000","","2017年度","30000","","和歌山県","","832","387","445","465","254","211","374","91","367","133","234","169","45","153","380","202","178","63","21","24,958","101,545","105,480","1.29","8,471","9,115","7,824","***","11,329","***","13,636","128","58,341","382","6,049","1,296","3,986","1,226","***","***","2","1,790","4","2,609","2","1,781","9,679","4,423","1,006","3,538","1,688","334","3,236","1,194","170","5,022","2,016","298","***","***","***","756","***","226","530","219","372","28","9","37","15","21","64","295","415","17","3.6","20","23","337","167","165","16","8","***","***","***","***","343.4","252.8","308.4","237.3","***","***","***","***","1,088","1,095","***","***","19.2","20.1","18.1","157.6","147.8","193.2","181.6","***","***","***","***","***","***","777","2.78","0.22","432","50,251","0","0","0"
"2017100000","","2017年度","31000","","鳥取県","","492","232","260","290","155","135","254","35","203","78","125","86","29","87","250","130","120","31","8","19,654","75,349","112,012","1.63","7,695","7,909","7,085","***","9,076","***","9,554","122","40,256","419","4,199","888","1,807","626","***","***","1","1,182","2","2,178","1","1,181","6,691","3,335","707","2,343","1,227","250","2,489","1,124","168","4,002","1,836","242","***","***","***","659","***","151","508","139","226","18","6","29","11","14","31","169","258","13","4.5","10","14","189","167","165","14","7","***","***","***","***","304.6","233.5","277.2","220.7","***","***","***","***","973","1,105","***","***","19.6","20.3","18.9","151.6","146.0","184.9","161.3","***","***","***","***","***","***","738","1.40","0.34","323","35,112","0","0","0"
"2017100000","","2017年度","32000","","島根県","","598","284","314","349","191","158","301","47","250","93","156","108","34","108","303","162","142","35","9","22,035","83,261","129,529","1.64","8,183","8,678","7,642","***","12,415","***","11,794","130","50,704","371","4,950","1,205","2,396","860","***","***","3","1,364","7","2,767","3","1,364","7,524","3,724","832","2,550","1,310","268","2,758","1,157","157","5,589","2,558","396","***","***","***","979","***","181","798","216","278","20","6","32","12","16","33","215","312","16","4.5","12","15","236","168","165","15","7","***","***","***","***","309.1","225.8","277.4","212.7","***","***","***","***","937","999","***","***","19.4","20.2","18.7","159.8","151.1","190.4","157.0","***","***","***","***","***","***","740","2.79","0.05","397","44,173","0","0","0"
"2017100000","","2017年度","33000","","岡山県","","1,662","789","873","966","533","433","807","159","696","256","440","316","107","273","855","464","391","88","21","58,627","228,369","368,465","1.81","20,116","20,487","18,437","***","34,704","***","28,491","169","122,733","639","10,152","1,874","7,577","2,846","***","***","11","3,902","12","7,400","6","3,895","20,050","9,400","2,205","6,925","3,432","688","6,868","2,752","439","15,133","7,003","1,081","***","***","***","2,203","***","525","1,678","492","757","55","16","91","36","48","113","579","842","50","5.2","34","49","653","167","164","18","7","***","***","***","***","335.7","235.9","298.1","220.9","***","***","***","***","1,023","1,113","***","***","19.4","20.0","18.6","163.1","157.8","198.7","167.8","***","***","***","***","***","***","781","1.49","0.09","838","150,604","3","0","0"
"2017100000","","2017年度","34000","","広島県","","2,453","1,177","1,277","1,459","811","648","1,186","272","995","366","629","459","144","391","1,313","723","591","118","25","69,768","302,742","519,275","1.88","26,873","25,904","23,784","***","47,940","***","40,582","290","186,969","954","14,591","2,382","12,099","3,677","***","***","21","3,281","23","10,440","16","3,266","24,559","11,526","3,013","9,816","4,855","1,070","9,323","3,643","620","20,832","8,954","1,437","***","***","***","2,461","***","643","1,818","401","1,153","85","26","136","55","71","173","815","1,284","70","4.8","57","79","925","165","164","17","8","***","***","***","***","365.6","257.7","326.2","239.4","***","***","***","***","1,024","1,080","***","***","19.0","19.7","18.1","168.1","165.4","201.8","176.5","***","***","***","***","***","***","818","1.52","0.07","1,083","236,245","6","0","0"
"2017100000","","2017年度","35000","","山口県","","1,215","569","646","679","372","306","555","124","537","196","340","250","67","219","599","324","275","63","14","37,572","146,913","211,727","1.51","13,472","14,129","12,494","***","23,299","***","21,582","122","88,209","507","8,306","1,417","5,899","2,219","***","***","6","3,056","7","5,804","6","3,056","14,010","6,868","1,694","4,866","2,481","479","5,025","2,040","314","10,563","4,948","736","***","***","***","1,130","***","324","806","188","535","32","10","65","25","36","82","442","600","31","4.5","28","33","493","166","164","16","6","***","***","***","***","336.0","246.6","298.3","229.7","***","***","***","***","967","1,070","***","***","19.2","20.1","18.3","162.2","151.6","202.9","161.9","***","***","***","***","***","***","777","1.10","0.03","672","90,574","5","0","0"
"2017100000","","2017年度","36000","","徳島県","","658","310","348","362","198","164","308","53","296","112","185","125","39","132","303","161","142","42","16","22,127","92,773","117,876","1.41","8,314","8,721","7,869","***","10,715","***","10,870","78","48,825","235","5,004","741","2,193","731","***","***","1","1,333","1","2,478","1","1,331","7,888","3,686","809","3,107","1,591","360","2,884","1,157","164","4,441","1,992","311","***","***","***","636","***","175","461","193","293","19","6","29","11","16","46","248","325","15","4.2","15","15","279","166","165","13","6","***","***","***","***","330.4","240.8","302.3","226.5","***","***","***","***","1,061","1,033","***","***","19.5","20.2","18.8","157.8","147.2","199.6","172.3","***","***","***","***","***","***","740","1.58","0.04","382","51,548","1","0","0"
"2017100000","","2017年度","37000","","香川県","","846","406","440","491","274","217","416","75","355","132","223","157","47","150","432","236","196","47","11","31,544","119,130","195,920","1.75","11,670","11,409","10,484","***","16,383","***","17,109","83","69,373","233","6,590","1,122","3,486","1,257","***","***","9","1,484","15","4,391","6","1,484","11,833","5,562","1,369","4,076","2,075","492","4,120","1,607","272","7,076","3,081","430","***","***","***","793","***","302","491","142","400","25","6","41","16","21","55","295","436","22","4.6","19","25","331","170","167","16","8","***","***","***","***","334.8","246.2","304.1","231.1","***","***","***","***","1,008","1,122","***","***","19.4","20.0","18.6","161.0","153.1","199.1","171.4","***","***","***","***","***","***","766","1.57","0.16","533","76,142","0","0","0"
"2017100000","","2017年度","38000","","愛媛県","","1,199","560","639","679","373","307","559","120","519","187","333","230","65","223","586","313","273","71","21","40,127","159,900","236,556","1.55","14,384","14,602","13,439","***","22,399","***","20,283","41","89,632","128","7,336","1,241","6,190","1,393","***","***","3","2,339","11","5,610","2","2,327","14,203","6,925","1,662","5,214","2,648","505","4,975","2,038","282","9,752","4,233","646","***","***","***","1,179","***","312","867","240","547","37","12","54","20","32","82","430","601","29","4.3","28","36","483","168","165","14","6","***","***","***","***","325.9","222.4","295.4","210.1","***","***","***","***","977","1,061","***","***","19.7","20.2","19.0","163.2","147.1","192.4","170.8","***","***","***","***","***","***","739","1.31","0.08","543","77,369","2","0","0"
"2017100000","","2017年度","39000","","高知県","","633","295","338","359","188","172","311","49","273","107","166","110","36","127","295","149","146","47","16","27,361","106,435","114,180","1.20","9,327","9,647","9,010","***","9,674","***","10,979","54","48,458","201","3,685","844","2,383","839","***","***","7","1,028","1","1,753","7","1,015","10,531","5,021","1,209","3,653","1,837","356","3,326","1,278","186","4,355","1,853","272","***","***","***","567","***","182","385","103","280","21","8","33","12","21","44","226","318","16","4.5","15","17","252","168","166","11","6","***","***","***","***","308.9","236.1","286.2","224.7","***","***","***","***","931","1,071","***","***","19.3","20.0","18.7","160.4","148.7","192.8","158.2","***","***","***","***","***","***","737","2.69","0.08","431","35,556","4","7","10"
"2017100000","","2017年度","40000","","福岡県","","4,425","2,063","2,362","2,558","1,398","1,160","2,072","485","1,867","665","1,202","840","270","756","2,285","1,219","1,067","218","49","161,668","647,527","884,314","1.54","49,908","48,239","42,871","***","101,306","***","73,277","148","309,597","634","23,938","3,675","24,230","9,550","***","***","14","6,884","83","17,624","11","6,853","59,859","28,471","6,918","20,839","10,250","2,158","18,103","7,713","1,364","42,199","18,608","3,407","***","***","***","4,737","***","1,444","3,293","893","1,982","174","59","271","111","100","389","1,469","2,192","140","5.5","103","167","1,747","168","164","16","7","***","***","***","***","351.4","246.4","316.2","230.7","***","***","***","***","992","1,038","***","***","19.0","19.7","18.1","159.9","157.8","201.7","194.2","***","***","***","***","***","***","789","1.39","0.04","1,785","312,784","2","27","13"
"2017100000","","2017年度","41000","","佐賀県","","710","331","379","423","226","197","359","63","287","105","182","117","43","126","360","184","176","49","13","29,687","115,686","131,980","1.25","10,555","11,218","8,967","***","15,245","***","15,002","96","65,553","295","6,372","1,112","3,820","1,150","***","***","17","2,597","0","4,352","10","2,584","10,322","5,265","1,187","3,644","1,943","434","3,927","1,781","247","6,512","3,173","482","***","***","***","924","***","323","601","173","339","24","8","39","17","17","46","239","374","20","4.8","16","23","268","172","168","16","7","***","***","***","***","309.1","216.7","277.6","201.4","***","***","***","***","946","1,042","***","***","19.7","20.3","19.2","158.7","148.2","191.8","165.3","***","***","***","***","***","***","737","2.35","0.09","384","51,056","1","0","0"
"2017100000","","2017年度","42000","","長崎県","","1,176","542","634","672","361","310","569","102","504","181","324","222","67","216","581","301","281","74","15","48,190","181,004","201,911","1.20","16,786","17,608","15,795","***","20,713","***","26,619","116","104,866","380","10,196","2,116","5,797","1,758","***","***","5","3,395","1","4,920","5","3,342","18,859","9,316","1,939","6,200","3,184","553","6,408","2,706","326","9,354","4,228","668","***","***","***","1,423","***","417","1,006","299","547","34","10","56","21","28","82","414","597","29","4.2","27","36","467","169","167","18","8","***","***","***","***","314.9","226.6","281.5","212.6","***","***","***","***","948","1,093","***","***","19.9","20.5","19.3","154.7","148.1","198.8","155.6","***","***","***","***","***","***","737","1.60","0.04","487","65,706","3","252","568"
"2017100000","","2017年度","43000","","熊本県","","1,526","709","817","881","468","413","747","133","645","241","404","269","93","282","761","388","373","93","25","48,420","195,080","321,784","1.64","18,076","18,400","16,497","***","28,963","***","25,233","69","112,591","254","10,019","1,732","7,768","2,399","***","***","3","3,598","14","6,701","3","3,580","19,021","10,033","2,548","6,738","3,614","752","6,867","3,140","477","13,195","6,290","859","***","***","***","2,099","***","537","1,562","441","702","49","15","86","33","36","104","537","777","40","4.6","37","49","603","168","168","17","7","***","***","***","***","314.2","228.2","281.6","213.6","***","***","***","***","920","1,031","***","***","19.2","20.0","18.4","151.3","144.6","191.5","169.1","***","***","***","***","***","***","737","2.46","0.26","643","77,083","1","99","0"
"2017100000","","2017年度","44000","","大分県","","1,007","470","537","573","315","258","479","94","434","155","278","196","55","182","506","268","238","58","9","36,648","139,139","195,162","1.45","14,888","15,199","13,674","***","17,280","***","20,732","101","83,252","399","9,132","1,368","4,318","1,210","***","***","4","2,630","14","4,714","4","2,622","14,461","7,353","1,786","4,806","2,550","552","5,965","2,709","442","7,652","3,681","586","***","***","***","1,180","***","409","771","165","462","32","9","52","21","25","70","362","510","27","4.6","23","31","408","168","167","17","7","***","***","***","***","316.4","230.6","281.1","215.3","***","***","***","***","928","1,004","***","***","19.8","20.5","19.1","157.9","152.2","203.5","163.3","***","***","***","***","***","***","737","2.01","0.14","498","71,647","0","0","0"
"2017100000","","2017年度","45000","","宮崎県","","941","436","505","549","292","257","470","79","392","144","249","172","55","165","471","239","232","65","13","40,477","156,576","222,923","1.44","16,889","17,651","16,072","***","17,343","***","19,106","73","79,440","232","7,981","1,167","3,659","1,233","***","***","2","2,496","12","4,148","2","2,492","15,524","7,774","1,761","5,406","2,867","593","6,471","2,874","418","7,660","3,937","617","***","***","***","1,208","***","383","825","224","444","29","9","51","20","22","69","322","493","26","4.7","26","26","365","170","167","14","6","***","***","***","***","288.6","211.7","262.8","200.5","***","***","***","***","893","1,018","***","***","19.5","20.3","18.6","154.6","145.0","186.5","167.1","***","***","***","***","***","***","737","1.64","0.22","504","49,922","2","0","0"
"2017100000","","2017年度","46000","","鹿児島県","","1,407","650","757","800","426","374","665","135","606","223","383","269","78","260","687","353","334","91","21","63,853","245,589","290,287","1.23","23,321","24,075","22,147","***","25,070","***","34,891","213","150,181","858","14,110","2,314","6,504","1,799","***","***","11","4,040","16","5,937","7","4,029","23,423","12,329","2,463","8,342","4,693","928","8,505","3,859","422","11,919","5,906","1,103","***","***","***","1,945","***","634","1,311","334","643","47","16","71","27","33","103","500","703","41","5.1","33","44","568","170","167","13","6","***","***","***","***","306.2","219.2","280.4","206.9","***","***","***","***","892","1,054","***","***","19.3","20.1","18.5","155.3","141.8","185.4","160.7","***","***","***","***","***","***","737","2.12","0.11","505","73,536","2","110","110"
"2017100000","","2017年度","47000","","沖縄県","","1,193","581","612","704","384","320","603","100","489","197","292","187","87","215","615","324","291","74","12","51,019","207,960","217,165","1.13","14,128","15,403","13,748","***","19,001","***","20,091","58","97,136","325","8,655","1,261","4,782","1,526","***","***","19","1,989","0","3,186","5","1,917","16,191","7,262","1,459","6,071","2,834","536","4,789","2,008","267","7,472","3,125","665","***","***","***","1,899","***","472","1,427","372","530","66","22","75","32","21","111","373","588","47","6.6","32","47","447","168","165","13","7","***","***","***","***","288.2","229.1","267.1","216.5","***","***","***","***","918","910","***","***","19.5","20.4","18.7","142.1","141.2","176.3","163.5","***","***","***","***","***","***","737","2.44","0.08","489","56,961","2","135","251"
"2022100000","","2022年度","00000","","全国","","110,195","53,135","57,061","67,060","36,706","30,354","55,830","11,119","43,135","16,429","26,706","19,395","6,018","17,477","60,772","32,677","28,095","5,108","1,018","2,898,740","14,137,825","18,489,103","1.31","654,342","650,526","***","83,245","***","2,790,674","1,672,014","***","8,794,910","***","496,799","***","***","***","840,034","316,221","388","127,074","1,081","443,980","335","126,675","***","***","***","***","***","***","***","***","***","***","***","***","1,346,611","583,765","113,004","102,537","43.9","***","***","***","51,322","5,168","1,605","6,480","2,786","3,125","7,827","34,884","58,930","3,027","4.5","2,452","3,569","38,372","***","***","***","***","167","163","14","8","***","***","***","***","376.5","276.3","342.0","258.9","***","***","1,270","1,624","17.6","18.5","16.6","***","***","***","***","183.4","177.6","204.1","201.8","229.7","227.2","961","2.06","0.09","47,495","9,927,292","248","707","1,228"
"2022100000","","2022年度","01000","","北海道","","4,594","2,141","2,452","2,630","1,425","1,205","2,187","440","1,964","717","1,247","866","230","860","2,403","1,283","1,120","186","37","166,170","720,500","836,962","1.15","29,461","29,643","***","1,215","***","104,120","67,261","***","367,123","***","17,123","***","***","***","33,039","10,930","5","5,176","2","17,960","5","5,143","***","***","***","***","***","***","***","***","***","***","***","***","55,502","27,400","6,941","4,768","41.7","***","***","***","2,016","181","54","254","100","148","320","1,614","2,326","109","4.2","106","150","1,762","***","***","***","***","170","161","14","6","***","***","***","***","326.5","237.6","297.7","223.6","***","***","1,119","1,271","18.1","19.0","17.1","***","***","***","***","172.6","167.6","201.6","205.5","217.1","220.7","920","3.88","0.10","2,836","310,083","7","0","0"
"2022100000","","2022年度","02000","","青森県","","1,078","502","576","611","327","284","542","68","466","174","292","196","53","215","526","274","252","61","22","44,051","182,107","218,576","1.18","12,895","13,576","***","1,170","***","23,488","18,746","***","95,976","***","7,428","***","***","***","5,622","1,470","0","1,936","0","4,736","0","1,935","***","***","***","***","***","***","***","***","***","***","***","***","12,224","5,914","1,111","1,156","53.1","***","***","***","473","37","11","58","22","37","74","392","549","23","3.8","27","27","426","***","***","***","***","170","165","12","6","***","***","***","***","291.8","231.3","267.4","219.1","***","***","1,058","1,356","19.3","19.8","18.8","***","***","***","***","165.7","162.7","182.2","198.3","221.3","197.9","853","3.29","0.07","489","51,523","0","0","0"
"2022100000","","2022年度","03000","","岩手県","","1,055","505","550","623","340","283","549","74","432","165","267","182","53","196","548","292","256","58","14","41,815","163,170","217,348","1.32","13,343","14,076","***","1,549","***","24,150","21,339","***","89,842","***","9,546","***","***","***","4,344","1,326","0","2,223","0","5,942","0","2,223","***","***","***","***","***","***","***","***","***","***","***","***","12,524","5,944","1,280","1,308","51.5","***","***","***","471","35","11","66","26","39","63","367","554","26","4.1","22","27","395","***","***","***","***","168","164","13","6","***","***","***","***","301.7","225.3","275.5","215.0","***","***","1,099","1,308","19.2","19.7","18.6","***","***","***","***","170.1","173.9","189.9","181.3","213.0","216.8","854","2.24","0.06","670","73,016","0","0","0"
"2022100000","","2022年度","04000","","宮城県","","2,018","977","1,042","1,202","665","536","1,030","170","816","311","505","368","119","327","1,095","596","499","88","17","62,696","277,647","408,747","1.40","15,899","15,820","***","1,893","***","51,352","31,791","***","149,173","***","9,425","***","***","***","12,976","5,265","3","2,979","0","10,092","3","2,975","***","***","***","***","***","***","***","***","***","***","***","***","25,025","10,956","2,140","1,974","45.2","***","***","***","914","82","26","131","54","58","152","659","1,053","55","4.6","53","68","736","***","***","***","***","167","163","16","8","***","***","***","***","347.4","253.3","311.4","235.5","***","***","1,138","1,211","18.4","19.1","17.7","***","***","***","***","174.7","169.5","231.9","195.2","223.7","211.7","883","1.85","0.03","995","134,299","1","31","0"
"2022100000","","2022年度","05000","","秋田県","","843","394","449","474","260","215","418","56","369","135","234","152","37","179","415","222","194","48","10","31,137","118,836","178,752","1.49","10,713","11,121","***","743","***","19,755","15,034","***","67,806","***","7,251","***","***","***","3,964","1,277","0","1,630","0","4,828","0","1,630","***","***","***","***","***","***","***","***","***","***","***","***","10,447","5,107","981","954","56.0","***","***","***","370","28","8","43","16","30","49","319","430","18","3.8","17","19","345","***","***","***","***","170","166","11","5","***","***","***","***","312.8","230.7","288.3","220.8","***","***","1,030","1,196","19.0","19.5","18.5","***","***","***","***","165.4","172.7","188.9","193.2","196.0","207.2","853","1.37","0.03","471","64,119","0","0","0"
"2022100000","","2022年度","06000","","山形県","","926","445","481","552","299","254","488","64","374","146","228","152","48","173","480","252","228","54","17","33,345","126,916","210,818","1.57","10,990","11,259","***","796","***","22,679","16,178","***","70,794","***","7,178","***","***","***","4,574","1,884","1","2,035","0","6,490","1","2,020","***","***","***","***","***","***","***","***","***","***","***","***","11,374","5,429","1,050","985","51.9","***","***","***","429","32","9","54","20","30","55","318","495","22","4.0","18","23","338","***","***","***","***","169","165","12","6","***","***","***","***","307.7","222.6","282.4","211.4","***","***","1,051","1,277","19.1","19.5","18.5","***","***","***","***","168.7","164.5","183.0","178.0","225.5","195.8","854","2.98","0.07","604","70,732","2","0","0"
"2022100000","","2022年度","07000","","福島県","","1,591","782","810","943","534","409","825","117","649","248","401","286","78","282","830","463","366","83","26","55,252","225,776","340,717","1.43","16,018","16,707","***","1,626","***","42,718","25,447","***","113,904","***","9,180","***","***","***","11,314","3,341","7","3,547","3","8,917","6","3,546","***","***","***","***","***","***","***","***","***","***","***","***","21,476","9,467","1,678","1,680","50.0","***","***","***","736","51","16","91","34","52","106","540","844","36","3.9","35","43","591","***","***","***","***","167","162","14","6","***","***","***","***","329.8","238.1","296.1","226.2","***","***","1,157","1,239","18.7","19.3","17.8","***","***","***","***","173.3","160.1","211.9","187.9","207.6","209.7","858","2.24","0.05","787","104,504","0","0","0"
"2022100000","","2022年度","08000","","茨城県","","2,512","1,248","1,264","1,521","858","663","1,285","234","991","390","601","431","133","421","1,356","751","606","122","39","59,251","265,620","394,288","1.49","13,131","13,895","***","2,370","***","57,956","36,936","***","170,985","***","11,833","***","***","***","17,542","5,381","8","3,857","13","11,014","7","3,856","***","***","***","***","***","***","***","***","***","***","***","***","27,710","12,235","2,466","2,342","51.0","***","***","***","1,184","93","27","147","62","76","161","816","1,342","59","3.9","48","82","900","***","***","***","***","168","164","14","7","***","***","***","***","366.3","260.4","331.4","245.7","***","***","1,164","1,502","17.9","18.8","16.9","***","***","***","***","184.2","179.1","158.8","197.5","211.7","222.3","911","1.94","0.10","882","204,783","7","13","36"
"2022100000","","2022年度","09000","","栃木県","","1,688","838","851","1,030","581","449","877","151","658","257","401","293","92","268","920","507","413","79","28","48,481","247,464","303,871","1.19","11,567","12,258","***","1,959","***","46,760","28,378","***","160,224","***","9,148","***","***","***","11,446","4,508","8","2,766","21","7,946","7","2,750","***","***","***","***","***","***","***","***","***","***","***","***","23,558","9,968","1,933","1,933","51.5","***","***","***","800","62","19","100","40","51","115","540","907","44","4.2","36","51","578","***","***","***","***","166","164","16","8","***","***","***","***","364.3","256.9","326.7","241.4","***","***","1,199","1,249","18.1","18.8","17.1","***","***","***","***","187.2","181.6","203.4","204.3","230.5","213.5","913","0.82","0.02","658","148,923","0","0","0"
"2022100000","","2022年度","10000","","群馬県","","1,694","834","861","1,038","574","464","872","165","656","260","396","290","97","267","930","504","426","86","20","44,155","193,558","269,734","1.48","10,027","10,424","***","1,599","***","45,602","26,553","***","118,282","***","8,281","***","***","***","12,422","4,679","8","2,338","9","8,612","7","2,328","***","***","***","***","***","***","***","***","***","***","***","***","23,400","10,221","2,172","1,586","44.8","***","***","***","819","61","20","94","40","46","108","546","913","45","4.3","37","52","585","***","***","***","***","167","164","15","8","***","***","***","***","349.0","249.7","312.2","234.2","***","***","1,226","1,391","18.3","19.0","17.5","***","***","***","***","187.4","173.0","230.2","188.9","224.4","206.9","895","1.70","0.08","640","133,783","2","2","2"
"2022100000","","2022年度","11000","","埼玉県","","6,481","3,201","3,279","3,973","2,233","1,740","3,257","713","2,508","968","1,540","1,200","344","952","3,664","2,036","1,627","252","48","126,413","668,647","699,670","1.05","16,832","19,460","***","6,337","***","111,538","77,401","***","420,776","***","17,822","***","***","***","48,852","18,509","8","5,019","94","16,518","8","5,019","***","***","***","***","***","***","***","***","***","***","***","***","56,898","23,275","4,550","4,241","36.6","***","***","***","3,053","308","106","399","176","159","501","1,979","3,478","185","4.7","157","221","2,210","***","***","***","***","169","162","17","8","***","***","***","***","368.3","275.0","330.6","257.4","***","***","1,245","1,667","17.0","18.1","16.0","***","***","***","***","193.4","187.3","211.0","203.5","246.2","225.4","987","2.92","0.10","1,534","357,494","5","0","0"
"2022100000","","2022年度","12000","","千葉県","","5,539","2,729","2,811","3,368","1,887","1,481","2,779","586","2,171","841","1,330","1,015","310","829","3,113","1,721","1,392","203","44","100,318","561,304","540,527","1.00","13,491","16,732","***","5,283","***","90,409","58,801","***","334,160","***","15,360","***","***","***","37,751","14,662","7","4,115","46","13,278","7","4,032","***","***","***","***","***","***","***","***","***","***","***","***","45,384","19,499","4,310","3,668","38.6","***","***","***","2,560","261","84","343","158","149","411","1,745","2,949","157","4.6","121","191","1,929","***","***","***","***","166","160","14","7","***","***","***","***","372.9","273.9","336.7","258.3","***","***","1,233","1,567","16.9","18.1","15.7","***","***","***","***","196.4","191.2","219.1","239.9","234.7","233.9","984","2.94","0.12","1,169","401,719","5","7","7"
"2022100000","","2022年度","13000","","東京都","","12,459","6,075","6,384","8,297","4,533","3,764","7,047","1,237","4,162","1,542","2,620","1,922","666","1,543","7,652","4,122","3,530","569","58","279,881","1,614,719","2,359,265","1.60","55,629","37,621","***","5,216","***","531,176","138,892","***","790,186","***","31,803","***","***","***","113,404","53,373","20","4,302","126","46,584","20","4,301","***","***","***","***","***","***","***","***","***","***","***","***","232,340","94,896","14,453","6,581","32.6","***","***","***","6,132","849","294","885","436","322","951","3,167","7,202","451","5.4","276","484","3,599","***","***","***","***","166","162","12","9","***","***","***","***","446.3","333.7","412.8","311.2","***","***","1,530","2,035","17.3","18.1","16.3","***","***","***","***","199.0","202.1","207.7","215.3","240.5","238.0","1,072","1.76","0.06","6,559","2,414,536","116","560","1,162"
"2022100000","","2022年度","14000","","神奈川県","","8,165","4,028","4,137","5,115","2,870","2,245","4,164","946","3,050","1,158","1,892","1,479","425","1,133","4,762","2,646","2,116","297","48","155,184","820,183","722,184","0.90","17,727","20,198","***","5,876","***","168,881","92,339","***","481,360","***","19,511","***","***","***","74,168","25,235","8","3,715","43","14,300","8","3,714","***","***","***","***","***","***","***","***","***","***","***","***","85,006","37,052","7,845","4,334","34.0","***","***","***","3,883","452","146","515","244","211","642","2,389","4,466","262","5.1","186","293","2,720","***","***","***","***","165","162","16","8","***","***","***","***","407.4","296.2","366.6","276.5","***","***","1,405","1,841","16.8","18.0","15.6","***","***","***","***","189.7","202.6","209.6","210.0","229.3","236.1","1,071","3.00","0.12","2,250","584,358","1","5","5"
"2022100000","","2022年度","15000","","新潟県","","1,916","924","992","1,126","611","515","979","145","790","313","477","340","100","347","1,005","536","469","95","24","59,843","248,520","435,251","1.58","18,334","18,537","***","1,061","***","47,090","33,188","***","155,633","***","11,789","***","***","***","12,615","4,465","0","2,197","1","9,209","0","2,197","***","***","***","***","***","***","***","***","***","***","***","***","23,621","10,493","1,796","2,031","52.1","***","***","***","870","63","18","110","41","70","116","672","1,013","43","3.8","38","49","726","***","***","***","***","166","162","11","6","***","***","***","***","324.5","249.2","299.0","235.0","***","***","1,138","1,350","18.5","19.1","17.9","***","***","***","***","174.1","171.0","178.0","200.6","216.6","215.7","890","1.95","0.39","934","153,632","1","0","0"
"2022100000","","2022年度","16000","","富山県","","904","437","468","548","301","248","474","74","356","136","220","153","47","154","497","268","230","40","10","25,617","107,360","175,018","1.57","8,072","8,195","***","635","***","24,893","15,383","***","75,094","***","5,825","***","***","***","5,849","2,129","5","1,553","3","5,102","4","1,553","***","***","***","***","***","***","***","***","***","***","***","***","13,457","5,706","1,099","1,120","58.1","***","***","***","428","33","8","49","17","32","48","307","492","20","3.6","19","26","325","***","***","***","***","167","163","13","8","***","***","***","***","339.1","253.5","308.7","238.8","***","***","1,179","1,323","18.4","19.0","17.7","***","***","***","***","182.1","173.5","198.4","199.9","224.4","225.5","908","1.98","0.04","555","90,877","3","0","0"
"2022100000","","2022年度","17000","","石川県","","984","474","510","603","323","280","514","88","381","151","230","158","65","156","548","287","261","46","9","27,969","124,460","194,046","1.63","7,786","7,702","***","737","***","24,817","15,783","***","77,670","***","5,747","***","***","***","6,319","2,409","0","1,566","0","5,398","0","1,565","***","***","***","***","***","***","***","***","***","***","***","***","12,498","5,148","927","1,239","51.1","***","***","***","470","37","11","57","21","34","56","322","540","23","3.8","22","30","346","***","***","***","***","168","164","14","6","***","***","***","***","344.2","252.5","312.3","240.0","***","***","1,171","1,299","18.3","19.0","17.5","***","***","***","***","176.1","171.4","219.1","177.9","216.3","218.9","891","2.63","0.05","521","74,553","0","0","0"
"2022100000","","2022年度","18000","","福井県","","661","320","340","420","228","192","366","53","241","93","148","97","40","102","376","200","176","34","8","18,492","73,226","142,094","1.88","6,565","6,651","***","513","***","17,847","12,658","***","55,003","***","5,459","***","***","***","4,259","1,732","2","1,067","4","4,360","2","1,067","***","***","***","***","***","***","***","***","***","***","***","***","8,639","3,896","707","876","47.4","***","***","***","330","26","7","36","13","21","33","206","377","15","3.5","12","18","217","***","***","***","***","166","164","14","6","***","***","***","***","347.8","248.8","313.3","235.6","***","***","1,153","1,342","18.3","18.9","17.8","***","***","***","***","191.9","171.4","236.7","192.7","217.8","211.5","888","2.00","0.04","396","53,870","0","0","0"
"2022100000","","2022年度","19000","","山梨県","","711","347","364","441","243","197","370","70","271","104","167","120","41","109","382","206","176","49","9","20,957","91,690","127,760","1.41","5,066","5,383","***","672","***","16,103","13,731","***","64,487","***","5,132","***","***","***","5,043","2,112","5","961","0","2,896","4","956","***","***","***","***","***","***","***","***","***","***","***","***","8,088","3,845","750","766","52.8","***","***","***","348","30","9","40","17","20","44","226","395","16","3.6","14","23","251","***","***","***","***","167","164","15","8","***","***","***","***","350.8","255.0","316.3","238.9","***","***","1,189","1,467","18.1","19.1","17.1","***","***","***","***","169.3","167.7","205.7","200.2","218.5","202.3","898","1.41","0.03","296","41,019","0","0","0"
"2022100000","","2022年度","20000","","長野県","","1,784","866","918","1,105","601","504","937","167","678","265","414","299","96","280","956","508","448","113","34","51,317","226,974","376,499","1.55","15,098","15,148","***","962","***","43,423","31,696","***","157,691","***","11,650","***","***","***","11,308","4,721","1","2,532","6","7,440","1","2,530","***","***","***","***","***","***","***","***","***","***","***","***","22,737","9,735","1,974","2,308","49.3","***","***","***","861","77","23","98","39","57","104","572","989","44","4.0","38","52","608","***","***","***","***","166","162","14","8","***","***","***","***","343.2","251.2","312.1","235.6","***","***","1,170","1,350","18.1","18.7","17.4","***","***","***","***","175.5","175.1","195.0","192.2","220.3","212.3","908","1.65","0.03","1,335","167,852","4","0","0"
"2022100000","","2022年度","21000","","岐阜県","","1,711","824","887","1,058","576","482","860","197","652","248","404","295","92","264","952","507","445","86","19","39,340","181,350","308,918","1.66","10,427","10,448","***","1,335","***","39,160","28,912","***","147,740","***","9,910","***","***","***","13,531","5,087","14","3,111","52","10,744","14","3,109","***","***","***","***","***","***","***","***","***","***","***","***","18,998","8,258","1,568","1,962","53.6","***","***","***","824","70","20","98","39","52","100","550","942","43","4.1","35","50","592","***","***","***","***","168","163","15","7","***","***","***","***","355.5","254.2","319.9","237.3","***","***","1,174","1,310","17.9","18.8","16.9","***","***","***","***","178.8","176.5","218.2","197.4","223.4","227.0","910","2.09","0.04","590","123,673","6","0","0"
"2022100000","","2022年度","22000","","静岡県","","3,158","1,546","1,612","1,955","1,078","877","1,630","322","1,203","468","735","539","161","498","1,769","955","814","160","23","77,650","371,048","518,084","1.29","16,267","16,624","***","1,518","***","79,835","48,509","***","263,519","***","13,436","***","***","***","20,182","7,767","31","5,160","65","16,793","26","5,150","***","***","***","***","***","***","***","***","***","***","***","***","39,262","17,246","3,249","3,074","44.0","***","***","***","1,525","136","37","183","78","92","201","997","1,749","81","4.1","69","93","1,096","***","***","***","***","168","162","15","7","***","***","***","***","359.3","257.0","323.4","241.1","***","***","1,229","1,454","18.0","18.8","17.0","***","***","***","***","188.8","183.5","198.9","214.0","218.1","217.3","944","2.04","0.06","1,151","287,712","7","5","0"
"2022100000","","2022年度","23000","","愛知県","","6,535","3,238","3,296","4,106","2,311","1,795","3,355","746","2,429","928","1,501","1,122","362","935","3,786","2,108","1,678","269","42","137,146","693,332","983,771","1.39","25,525","24,537","***","2,471","***","196,449","88,139","***","476,676","***","20,693","***","***","***","58,715","21,926","128","9,068","386","34,728","128","9,062","***","***","***","***","***","***","***","***","***","***","***","***","85,325","33,543","5,335","6,208","43.4","***","***","***","3,161","330","92","386","165","167","437","1,940","3,620","172","4.2","140","219","2,154","***","***","***","***","167","163","17","8","***","***","***","***","381.0","268.2","338.9","251.4","***","***","1,325","1,660","17.5","18.4","16.3","***","***","***","***","188.9","192.7","224.5","201.0","229.5","218.3","986","1.35","0.12","2,388","791,785","16","16","2"
"2022100000","","2022年度","24000","","三重県","","1,535","744","791","924","509","415","760","162","611","235","376","278","82","248","838","453","385","69","14","37,081","164,689","248,773","1.40","8,871","9,212","***","1,066","***","37,794","25,456","***","125,479","***","8,332","***","***","***","11,665","3,475","6","3,270","6","8,898","6","3,264","***","***","***","***","***","***","***","***","***","***","***","***","17,994","7,773","1,376","1,644","45.7","***","***","***","718","64","18","79","30","49","101","506","817","35","3.8","36","44","542","***","***","***","***","169","162","17","8","***","***","***","***","368.8","256.9","324.2","238.7","***","***","1,189","1,432","17.8","18.7","16.8","***","***","***","***","181.9","175.7","182.4","190.6","237.2","205.4","933","1.08","0.03","668","134,938","0","0","0"
"2022100000","","2022年度","25000","","滋賀県","","1,221","598","623","767","424","343","623","142","454","174","281","208","74","169","700","381","319","53","12","32,276","150,652","162,593","1.13","7,001","7,750","***","1,372","***","28,956","22,992","***","110,107","***","8,009","***","***","***","10,476","3,981","7","1,813","7","5,054","7","1,802","***","***","***","***","***","***","***","***","***","***","***","***","13,682","5,823","957","1,349","50.4","***","***","***","585","61","18","72","32","37","85","367","676","34","4.4","23","39","410","***","***","***","***","165","163","16","9","***","***","***","***","372.7","269.2","331.8","249.6","***","***","1,151","1,435","17.2","18.3","16.0","***","***","***","***","181.2","179.2","198.6","191.0","233.2","229.4","927","1.32","0.03","691","102,702","3","0","0"
"2022100000","","2022年度","26000","","京都府","","2,260","1,067","1,193","1,361","718","643","1,086","271","899","349","550","404","137","348","1,212","624","589","119","26","56,785","310,019","361,498","1.22","11,996","11,772","***","2,179","***","49,513","40,028","***","236,152","***","11,985","***","***","***","18,400","7,421","32","1,370","5","5,834","2","1,329","***","***","***","***","***","***","***","***","***","***","***","***","24,195","10,083","1,916","2,174","44.5","***","***","***","1,035","118","35","122","51","61","174","712","1,189","60","4.4","47","72","788","***","***","***","***","168","163","15","8","***","***","***","***","370.5","276.8","335.1","257.5","***","***","1,356","1,674","16.9","17.8","16.0","***","***","***","***","184.1","184.1","210.5","202.3","239.6","224.9","968","1.60","0.06","1,019","164,360","6","0","0"
"2022100000","","2022年度","27000","","大阪府","","7,766","3,679","4,087","4,651","2,499","2,152","3,725","912","3,115","1,180","1,935","1,410","427","1,242","4,220","2,222","1,998","363","55","214,463","1,211,150","1,479,806","1.27","39,649","34,145","***","4,060","***","205,292","119,194","***","737,176","***","31,823","***","***","***","67,095","26,887","8","5,069","78","32,423","8","5,069","***","***","***","***","***","***","***","***","***","***","***","***","100,335","42,444","7,948","7,681","43.5","***","***","***","3,527","381","114","461","198","199","660","2,409","4,015","230","4.9","185","262","2,711","***","***","***","***","168","161","12","7","***","***","***","***","394.7","293.8","363.0","276.4","***","***","1,355","1,769","17.4","18.4","16.2","***","***","***","***","187.8","179.0","190.5","198.6","233.2","227.2","1,023","1.83","0.13","3,913","693,735","32","0","0"
"2022100000","","2022年度","28000","","兵庫県","","4,751","2,231","2,520","2,752","1,486","1,266","2,211","532","2,000","746","1,254","939","269","779","2,502","1,326","1,177","204","38","114,976","590,835","605,369","1.03","20,601","22,293","***","4,237","***","105,496","78,271","***","414,304","***","20,525","***","***","***","40,395","13,390","3","4,387","9","15,760","3","4,369","***","***","***","***","***","***","***","***","***","***","***","***","53,234","23,287","4,652","4,196","42.1","***","***","***","2,143","200","65","249","105","120","358","1,616","2,416","120","4.3","116","151","1,765","***","***","***","***","167","161","16","9","***","***","***","***","381.8","281.1","344.2","258.4","***","***","1,280","1,840","17.2","18.3","16.1","***","***","***","***","185.6","186.7","215.4","208.1","225.2","227.6","960","1.68","0.07","1,876","353,870","4","0","0"
"2022100000","","2022年度","29000","","奈良県","","1,157","538","619","637","344","293","504","132","520","194","326","244","69","202","574","304","270","50","12","27,399","127,525","143,777","1.23","5,667","6,721","***","1,826","***","16,650","20,721","***","93,571","***","7,247","***","***","***","8,953","3,426","2","925","0","2,434","2","910","***","***","***","***","***","***","***","***","***","***","***","***","8,586","3,646","643","1,148","43.2","***","***","***","487","53","18","56","22","29","92","425","555","26","4.1","25","36","472","***","***","***","***","168","163","13","6","***","***","***","***","370.1","287.4","337.8","271.0","***","***","1,165","1,359","17.0","18.2","16.1","***","***","***","***","191.2","197.1","233.2","219.8","223.9","237.3","896","3.18","0.06","407","47,849","1","0","0"
"2022100000","","2022年度","30000","","和歌山県","","801","374","428","460","249","212","377","82","341","125","216","158","38","142","387","204","183","54","18","22,120","99,898","107,958","1.16","5,583","6,010","***","791","***","14,635","14,688","***","74,744","***","4,946","***","***","***","5,825","1,960","0","1,176","3","2,991","0","1,174","***","***","***","***","***","***","***","***","***","***","***","***","7,398","3,456","638","775","43.0","***","***","***","357","32","10","38","15","25","54","282","410","15","3.3","17","22","303","***","***","***","***","168","162","13","7","***","***","***","***","346.0","262.1","312.7","243.6","***","***","1,137","1,540","18.1","19.0","17.0","***","***","***","***","174.2","168.3","-","210.3","222.6","216.4","889","1.34","0.14","409","53,758","2","0","0"
"2022100000","","2022年度","31000","","鳥取県","","476","225","251","284","150","134","249","34","192","75","117","78","26","86","250","130","121","25","8","15,122","69,621","111,959","1.53","5,302","5,466","***","655","***","10,901","8,814","***","47,321","***","3,485","***","***","***","2,550","842","2","799","2","2,273","2","799","***","***","***","***","***","***","***","***","***","***","***","***","5,536","2,525","482","746","63.9","***","***","***","217","19","5","27","10","16","27","163","252","10","3.5","9","13","171","***","***","***","***","167","163","12","6","***","***","***","***","311.7","242.8","287.0","229.8","***","***","1,069","1,106","18.5","19.1","17.8","***","***","***","***","172.0","166.5","191.2","194.3","205.6","226.1","854","1.60","0.02","295","32,382","0","0","0"
"2022100000","","2022年度","32000","","島根県","","578","277","301","342","185","157","298","44","236","92","144","100","34","102","304","161","143","31","7","18,175","77,529","147,740","1.71","6,524","6,812","***","787","***","12,973","11,489","***","58,678","***","4,384","***","***","***","3,050","1,090","1","1,026","7","3,264","1","1,026","***","***","***","***","***","***","***","***","***","***","***","***","6,214","2,827","644","1,008","58.9","***","***","***","265","21","6","32","12","18","30","205","307","13","3.9","11","14","211","***","***","***","***","167","164","13","6","***","***","***","***","316.0","239.5","287.8","225.8","***","***","1,072","1,343","18.5","19.3","17.6","***","***","***","***","176.0","160.9","212.2","192.9","202.2","203.0","857","2.09","0.13","379","42,500","0","0","0"
"2022100000","","2022年度","33000","","岡山県","","1,635","778","856","967","525","442","808","157","667","254","414","298","93","271","869","463","406","78","17","49,112","217,240","328,085","1.55","12,634","13,026","***","1,445","***","37,348","27,669","***","142,311","***","8,865","***","***","***","10,730","3,961","4","3,093","9","7,481","4","3,092","***","***","***","***","***","***","***","***","***","***","***","***","18,420","8,356","1,949","1,928","47.4","***","***","***","741","69","20","91","38","47","106","554","845","43","4.4","35","51","590","***","***","***","***","167","163","14","7","***","***","***","***","348.3","250.7","312.0","235.7","***","***","1,127","1,677","18.1","19.0","17.3","***","***","***","***","185.1","173.4","211.1","202.9","220.3","208.0","892","1.92","0.09","775","145,047","2","0","0"
"2022100000","","2022年度","34000","","広島県","","2,410","1,155","1,254","1,453","794","659","1,195","256","957","361","595","427","133","390","1,321","712","609","104","26","64,236","311,413","502,512","1.57","17,487","16,763","***","1,556","***","61,093","39,881","***","215,677","***","11,327","***","***","***","19,418","6,687","6","2,361","9","9,823","5","2,358","***","***","***","***","***","***","***","***","***","***","***","***","30,642","12,520","2,488","2,016","40.5","***","***","***","1,128","103","29","127","51","75","162","790","1,280","59","4.0","53","84","864","***","***","***","***","168","165","14","7","***","***","***","***","359.1","262.3","322.3","245.8","***","***","1,220","1,439","18.0","18.8","17.0","***","***","***","***","179.4","173.4","199.2","195.4","218.0","223.2","930","1.78","0.35","1,029","250,031","5","0","0"
"2022100000","","2022年度","35000","","山口県","","1,163","547","616","661","360","300","544","116","502","186","316","227","59","215","601","321","280","51","7","31,813","136,739","218,964","1.54","9,991","10,485","***","1,241","***","26,960","21,093","***","94,885","***","7,569","***","***","***","7,576","3,257","6","2,499","0","6,310","3","2,499","***","***","***","***","***","***","***","***","***","***","***","***","13,879","6,602","1,394","1,145","48.0","***","***","***","516","39","11","57","22","39","66","430","585","27","4.1","25","35","457","***","***","***","***","165","163","15","7","***","***","***","***","342.0","257.9","305.7","242.7","***","***","1,087","1,353","18.3","19.1","17.4","***","***","***","***","182.0","162.1","-","193.5","220.1","209.1","888","1.02","0.03","619","86,393","0","0","0"
"2022100000","","2022年度","36000","","徳島県","","628","297","331","354","188","167","302","52","273","109","164","112","35","125","305","158","147","35","13","18,841","93,317","121,179","1.26","5,852","6,084","***","567","***","12,647","10,984","***","61,703","***","4,134","***","***","***","3,591","1,113","1","1,014","1","2,552","1","1,014","***","***","***","***","***","***","***","***","***","***","***","***","6,927","3,172","678","656","57.3","***","***","***","279","20","6","29","11","21","41","232","316","12","3.4","12","17","251","***","***","***","***","166","161","11","4","***","***","***","***","327.9","255.1","301.9","241.2","***","***","1,231","1,250","18.4","19.0","17.8","***","***","***","***","179.6","169.9","207.2","182.6","227.1","208.2","855","1.43","0.19","350","49,025","0","0","0"
"2022100000","","2022年度","37000","","香川県","","822","393","429","478","260","218","407","70","344","133","211","147","47","149","430","229","200","38","9","27,008","114,345","172,599","1.51","8,202","8,067","***","771","***","18,888","16,565","***","74,805","***","5,643","***","***","***","4,962","1,694","1","1,159","9","4,153","0","1,153","***","***","***","***","***","***","***","***","***","***","***","***","9,622","4,466","1,128","856","43.7","***","***","***","374","33","8","39","15","25","49","291","424","19","3.9","18","23","310","***","***","***","***","168","165","14","7","***","***","***","***","341.7","243.9","312.0","228.5","***","***","1,101","1,220","18.3","19.1","17.4","***","***","***","***","181.9","169.8","183.1","186.2","207.3","214.5","878","2.88","0.09","470","63,644","0","0","0"
"2022100000","","2022年度","38000","","愛媛県","","1,158","543","614","660","354","306","554","106","498","189","309","217","61","218","578","302","276","62","18","33,411","156,402","240,842","1.44","10,292","10,320","***","780","***","25,791","20,037","***","107,479","***","6,443","***","***","***","7,785","2,942","1","1,769","2","5,790","1","1,758","***","***","***","***","***","***","***","***","***","***","***","***","12,949","6,336","1,229","1,350","54.7","***","***","***","518","40","14","54","22","37","73","421","591","22","3.3","24","30","446","***","***","***","***","167","164","13","6","***","***","***","***","322.1","236.6","291.9","224.2","***","***","1,066","1,123","18.4","19.3","17.6","***","***","***","***","182.5","171.1","203.2","180.3","208.8","191.9","853","3.28","0.08","505","70,380","0","0","0"
"2022100000","","2022年度","39000","","高知県","","604","282","321","345","180","166","297","48","258","103","156","101","30","127","291","146","145","40","12","21,927","100,214","115,969","1.21","6,334","6,494","***","472","***","12,433","10,887","***","55,355","***","4,408","***","***","***","2,835","1,163","4","751","0","1,875","1","746","***","***","***","***","***","***","***","***","***","***","***","***","6,449","2,641","526","680","50.9","***","***","***","264","23","7","28","12","23","39","214","309","12","3.5","13","14","228","***","***","***","***","167","163","12","7","***","***","***","***","317.0","247.9","290.5","233.1","***","***","1,122","1,262","18.5","19.4","17.8","***","***","***","***","167.5","164.1","185.1","198.0","200.6","210.4","853","2.95","0.41","399","32,025","1","1","0"
"2022100000","","2022年度","40000","","福岡県","","4,450","2,079","2,371","2,653","1,406","1,247","2,190","461","1,797","674","1,123","774","275","747","2,415","1,245","1,170","207","26","140,147","706,288","825,168","1.21","31,056","29,986","***","3,501","***","114,407","77,444","***","425,067","***","19,661","***","***","***","36,015","13,085","12","5,170","40","17,209","12","5,158","***","***","***","***","***","***","***","***","***","***","***","***","53,286","23,096","4,515","4,895","42.1","***","***","***","1,999","221","70","273","120","121","322","1,458","2,306","142","5.4","101","142","1,574","***","***","***","***","167","163","16","7","***","***","***","***","358.0","270.5","323.7","253.2","***","***","1,119","1,473","17.8","18.7","16.8","***","***","***","***","184.3","169.9","199.2","204.5","218.9","217.7","900","2.05","0.06","1,702","316,604","4","67","14"
"2022100000","","2022年度","41000","","佐賀県","","694","325","369","419","221","198","357","61","275","104","171","108","39","126","366","187","179","41","11","25,330","105,109","140,473","1.36","7,526","7,921","***","1,506","***","16,404","15,719","***","71,440","***","5,814","***","***","***","4,460","1,595","2","1,966","0","4,251","2","1,958","***","***","***","***","***","***","***","***","***","***","***","***","8,091","3,820","903","1,099","50.0","***","***","***","320","28","7","38","14","23","42","226","364","17","4.1","15","21","240","***","***","***","***","168","165","18","7","***","***","***","***","318.0","241.5","285.4","227.7","***","***","1,129","1,384","18.1","19.0","17.3","***","***","***","***","175.2","166.6","196.7","192.3","217.4","245.0","853","2.13","0.03","354","57,547","0","0","0"
"2022100000","","2022年度","42000","","長崎県","","1,118","517","602","639","336","303","543","94","479","181","299","203","59","214","565","287","279","60","11","38,364","160,952","203,770","1.20","12,011","12,585","***","1,324","***","21,478","25,215","***","110,477","***","8,701","***","***","***","7,102","2,137","0","2,479","0","4,948","0","2,465","***","***","***","***","***","***","***","***","***","***","***","***","11,214","5,679","1,285","1,599","44.1","***","***","***","499","39","11","54","19","34","72","404","566","23","3.6","25","33","426","***","***","***","***","168","165","15","5","***","***","***","***","325.2","238.3","294.5","226.0","***","***","1,053","1,178","18.7","19.3","18.1","***","***","***","***","179.1","163.2","192.8","195.7","225.2","206.7","853","3.29","0.06","435","59,853","0","0","0"
"2022100000","","2022年度","43000","","熊本県","","1,492","698","794","880","461","419","752","126","612","237","375","247","87","275","766","387","379","87","23","41,597","195,122","308,350","1.42","12,146","12,437","***","1,351","***","33,504","26,198","***","138,413","***","8,426","***","***","***","8,753","3,222","6","2,925","10","6,580","5","2,917","***","***","***","***","***","***","***","***","***","***","***","***","15,704","7,488","2,081","2,143","49.5","***","***","***","676","66","18","79","31","44","99","504","776","41","4.7","34","39","543","***","***","***","***","168","163","14","7","***","***","***","***","331.1","240.1","302.1","226.3","***","***","1,104","1,296","18.3","19.2","17.5","***","***","***","***","174.1","171.1","202.0","182.4","204.6","198.6","853","1.41","0.04","641","75,047","0","0","0"
"2022100000","","2022年度","44000","","大分県","","973","457","516","558","300","257","472","86","415","157","258","184","52","178","497","262","235","50","10","30,663","132,466","195,695","1.40","10,326","10,639","***","1,088","***","21,010","19,804","***","90,198","***","7,529","***","***","***","5,542","1,526","0","2,231","4","5,248","0","2,222","***","***","***","***","***","***","***","***","***","***","***","***","10,174","4,902","1,173","1,304","49.8","***","***","***","437","35","11","49","20","29","63","348","496","22","4.0","20","27","378","***","***","***","***","168","164","13","5","***","***","***","***","328.6","243.2","300.1","233.2","***","***","1,055","1,341","18.4","19.1","17.8","***","***","***","***","178.2","181.1","181.9","191.8","211.4","229.8","854","1.18","0.11","445","80,313","2","0","0"
"2022100000","","2022年度","45000","","宮崎県","","916","427","489","537","283","254","463","73","379","144","235","157","48","173","472","240","233","53","10","33,493","145,675","230,372","1.44","11,639","11,938","***","1,010","***","20,005","19,080","***","96,288","***","6,583","***","***","***","5,723","1,695","3","1,986","3","4,422","3","1,979","***","***","***","***","***","***","***","***","***","***","***","***","10,113","5,038","1,215","1,239","50.0","***","***","***","422","37","11","46","17","29","62","315","480","22","4.2","23","26","341","***","***","***","***","168","164","13","6","***","***","***","***","301.0","226.8","276.3","215.7","***","***","1,030","1,193","18.6","19.3","18.0","***","***","***","***","189.3","130.3","178.2","200.3","226.8","289.8","853","2.81","0.09","469","47,563","0","0","0"
"2022100000","","2022年度","46000","","鹿児島県","","1,359","633","726","795","417","379","670","124","564","217","348","245","74","242","690","349","341","85","19","50,909","229,750","329,627","1.34","16,636","16,965","***","1,278","***","31,654","32,926","***","168,280","***","11,764","***","***","***","9,898","2,799","12","3,302","3","6,943","9","3,289","***","***","***","***","***","***","***","***","***","***","***","***","15,143","7,455","1,699","2,042","49.9","***","***","***","615","59","17","71","29","42","93","469","705","35","4.4","33","42","512","***","***","***","***","168","166","12","6","***","***","***","***","311.4","232.7","284.0","218.9","***","***","1,175","1,516","18.3","19.1","17.5","***","***","***","***","169.7","165.4","208.5","201.5","208.8","289.0","853","2.82","0.07","472","72,784","0","0","0"
"2022100000","","2022年度","47000","","沖縄県","","1,225","597","628","744","402","343","643","99","481","196","285","177","82","219","655","345","310","73","13","47,012","226,468","223,125","0.94","10,153","10,620","***","846","***","24,640","23,764","***","140,896","***","8,666","***","***","***","7,999","2,689","0","1,681","0","3,577","0","1,664","***","***","***","***","***","***","***","***","***","***","***","***","11,321","5,092","1,168","1,770","51.9","***","***","***","546","76","22","72","32","31","110","363","628","39","5.3","31","44","411","***","***","***","***","166","163","12","6","***","***","***","***","298.2","235.1","273.8","222.2","***","***","1,118","1,299","18.4","19.2","17.6","***","***","***","***","185.0","161.0","177.6","196.9","188.8","203.5","853","4.95","0.07","463","56,097","1","0","0"
