"統計名：","都道府県データ 社会生活統計指標"
"表番号：","0000010201"
"表題：","Ａ　人口・世帯"
"実施年月：","-","-"
"市区町村時点（年月日）：","-"

"***","調査又は集計していないもの"
"-","データが得られないもの"
"X","数値が秘匿されているもの"

"","","","","","","/Ａ　人口・世帯 コード","#A011000","#A0110001","#A0110002","#A01101","#A01102","#A01201","#A01202","#A0191001","#A0191002","#A0191003","#A0191004","#A0191005","#A0191006","#A02101","#A02102","#A02103","#A02104","#A02105","#A03401","#A03402","#A03403","#A03404","#A03501","#A03502","#A03503","#A05101","#A05111","#A05201","#A05221","#A05202","#A05203","#A05204","#A0520401","#A0520402","#A05205","#A05218","#A05301","#A05302","#A05303","#A05307","#A05308","#A05309","#A06601","#A06602","#A06603","#A06604"
"","","","","","","/Ａ　人口・世帯 補助コード","-","-","-","-","-","-","-","-","-","-","-","-","-","-","-","-","-","-","-","-","-","-","-","-","-","-","-","-","-","-","-","-","-","-","-","-","-","-","-","-","-","-","-","-","-","-"
"調査年 コード","調査年 補助コード","調査年","地域 コード","地域 補助コード","地域","/Ａ　人口・世帯","#A011000_総人口【万人】","#A0110001_総人口（男）【万人】","#A0110002_総人口（女）【万人】","#A01101_全国総人口に占める人口割合（A1101/A1101(全国)）【％】","#A01102_全国総人口に占める人口割合【％】","#A01201_総面積１km2当たり人口密度【人】","#A01202_可住地面積１km2当たり人口密度【人】","#A0191001_将来推計人口（2020年）【人】","#A0191002_将来推計人口（2025年）【人】","#A0191003_将来推計人口（2030年）【人】","#A0191004_将来推計人口（2035年）【人】","#A0191005_将来推計人口（2040年）【人】","#A0191006_将来推計人口（2045年）【人】","#A02101_人口性比（総数）（A110101/A110102）【‐】","#A02102_人口性比（15歳未満人口）(A130101/A130102)【‐】","#A02103_人口性比（15〜64歳人口）(A130201/A130202)【‐】","#A02104_人口性比（65歳以上人口) (A130301/A130302)【‐】","#A02105_人口性比（総数）【‐】","#A03401_年少人口指数【‐】","#A03402_老年人口指数【‐】","#A03403_従属人口指数【‐】","#A03404_老年化指数【‐】","#A03501_15歳未満人口割合【％】","#A03502_15〜64歳人口割合【％】","#A03503_65歳以上人口割合【％】","#A05101_人口増減率（（A1101/A1101（-1））-1）【％】","#A05111_人口増減率【‰】","#A05201_自然増減率（（A4101-A4200）/A1101）【％】","#A05221_自然増減率【‰】","#A05202_粗出生率（人口千人当たり）【‐】","#A05203_合計特殊出生率【‐】","#A05204_粗死亡率（人口千人当たり）【‐】","#A0520401_粗死亡率（男）（人口千人当たり）【‐】","#A0520402_粗死亡率（女）（人口千人当たり）【‐】","#A05205_年齢別死亡率（0〜4歳）（人口千人当たり）【‐】","#A05218_年齢別死亡率（65歳以上）（人口千人当たり）【‐】","#A05301_転入超過率（日本人移動者）【％】","#A05302_転入率（日本人移動者）【％】","#A05303_転出率（日本人移動者）【％】","#A05307_転入超過率【％】","#A05308_転入率【％】","#A05309_転出率【％】","#A06601_婚姻率（人口千人当たり）【‐】","#A06602_離婚率（人口千人当たり）【‐】","#A06603_婚姻率（人口千人当たり）【‐】","#A06604_離婚率（人口千人当たり）【‐】"
"2017100000","","2017年度","00000","","全国","","12,692","6,175","6,517","100.00","***","340.3","1,034.9","125,324,842","122,544,103","119,125,139","115,215,698","110,918,555","106,421,185","94.8","104.9","102.3","76.7","***","20.5","46.3","66.8","225.4","12.3","60.0","27.7","-0.10","***","-0.31","***","7.45","1.43","10.56","11.19","9.97","0.50","34.39","-","1.80","1.80","-","1.97","1.97","4.78","1.67","4.9","1.70"
"2017100000","","2017年度","01000","","北海道","","533","251","282","4.20","***","67.9","238.0","5,216,615","5,016,554","4,791,592","4,546,357","4,280,427","4,004,973","89.2","104.5","96.6","71.9","***","19.0","52.7","71.6","277.6","11.1","58.3","30.7","-0.56","***","-0.53","***","6.40","1.29","11.73","12.75","10.81","0.51","34.41","-0.12","0.91","1.04","-0.10","0.97","1.07","4.50","1.91","4.5","1.92"
"2017100000","","2017年度","02000","","青森県","","128","60","68","1.01","***","132.9","396.9","1,235,971","1,157,332","1,076,393","993,737","908,974","823,610","88.8","104.3","98.4","68.9","***","19.3","55.7","75.0","288.7","11.0","57.2","31.8","-1.00","***","-0.74","***","6.27","1.43","13.71","14.71","12.82","0.69","38.68","-0.47","1.36","1.84","-0.46","1.42","1.87","4.00","1.63","4.0","1.64"
"2017100000","","2017年度","03000","","岩手県","","125","60","65","0.99","***","82.1","337.6","1,224,194","1,161,638","1,096,141","1,028,673","957,788","884,518","92.6","105.7","104.3","72.4","***","20.3","56.3","76.5","277.8","11.5","56.7","31.9","-1.10","***","-0.72","***","6.52","1.47","13.74","14.36","13.17","0.65","38.95","-0.35","1.33","1.68","-0.35","1.39","1.74","3.81","1.48","3.8","1.49"
"2017100000","","2017年度","04000","","宮城県","","233","114","119","1.83","***","319.4","737.3","2,296,113","2,227,471","2,143,601","2,046,219","1,933,258","1,809,021","95.5","105.1","103.2","77.0","***","19.8","44.7","64.5","225.4","12.1","60.8","27.2","-0.26","***","-0.31","***","7.17","1.31","10.31","10.81","9.83","0.54","34.14","-0.05","1.98","2.03","-0.04","2.09","2.13","4.58","1.61","4.6","1.62"
"2017100000","","2017年度","05000","","秋田県","","100","47","53","0.79","***","85.8","311.8","955,838","885,285","814,295","744,014","672,617","601,649","88.8","104.1","100.4","69.9","***","18.7","65.4","84.1","350.5","10.1","54.3","35.6","-1.19","***","-1.00","***","5.40","1.35","15.44","15.99","14.96","0.66","39.66","-0.43","1.10","1.53","-0.43","1.13","1.56","3.31","1.37","3.3","1.38"
"2017100000","","2017年度","06000","","山形県","","110","53","57","0.87","***","118.3","382.3","1,072,473","1,015,910","957,314","897,075","833,844","768,490","93.0","104.8","102.3","74.9","***","21.1","57.5","78.6","273.1","11.8","56.0","32.2","-0.99","***","-0.73","***","6.58","1.45","13.90","14.01","13.82","0.49","39.92","-0.35","1.14","1.49","-0.34","1.19","1.52","3.91","1.32","3.9","1.33"
"2017100000","","2017年度","07000","","福島県","","189","93","95","1.49","***","136.8","447.2","1,827,632","1,733,103","1,635,235","1,533,521","1,426,392","1,314,903","97.6","105.6","108.8","77.8","***","20.1","52.1","72.2","258.6","11.7","58.1","30.2","-0.89","***","-0.61","***","7.01","1.57","13.14","13.49","12.81","0.47","39.39","-0.45","1.27","1.72","-0.42","1.37","1.80","4.28","1.70","4.3","1.71"
"2017100000","","2017年度","08000","","茨城県","","290","145","145","2.29","***","476.0","730.0","2,844,791","2,750,204","2,638,185","2,512,144","2,376,146","2,235,686","99.6","105.2","107.9","82.0","***","20.7","47.6","68.3","230.7","12.3","59.4","28.3","-0.27","***","-0.41","***","7.04","1.48","11.12","11.75","10.48","0.50","35.21","-0.10","1.58","1.68","-0.18","1.81","1.99","4.41","1.62","4.5","1.65"
"2017100000","","2017年度","09000","","栃木県","","196","98","99","1.55","***","306.2","657.8","1,930,235","1,872,842","1,805,949","1,730,414","1,647,288","1,560,619","99.2","105.9","107.4","80.5","***","20.8","45.6","66.4","218.8","12.5","60.1","27.4","-0.36","***","-0.40","***","7.15","1.45","11.13","11.45","10.81","0.53","36.39","-0.08","1.57","1.65","-0.24","1.82","2.06","4.48","1.64","4.6","1.67"
"2017100000","","2017年度","10000","","群馬県","","196","97","99","1.55","***","308.5","861.2","1,926,268","1,865,565","1,796,233","1,719,914","1,637,642","1,552,950","97.7","105.1","106.3","79.4","***","20.9","49.3","70.2","235.3","12.3","58.7","28.9","-0.30","***","-0.47","***","6.77","1.47","11.51","12.09","10.94","0.65","36.19","-0.18","1.33","1.52","-0.09","1.69","1.78","4.25","1.61","4.4","1.65"
"2017100000","","2017年度","11000","","埼玉県","","731","364","366","5.76","***","1,924.0","2,827.1","7,272,830","7,202,953","7,076,167","6,909,319","6,721,414","6,524,800","99.4","105.3","106.5","83.0","***","19.9","42.1","62.1","211.3","12.3","61.7","26.0","0.26","***","-0.17","***","7.26","1.36","9.00","9.82","8.18","0.43","30.68","0.20","2.21","2.01","0.30","2.53","2.23","4.62","1.66","4.7","1.70"
"2017100000","","2017年度","12000","","千葉県","","626","311","315","4.93","***","1,213.4","1,760.7","6,204,651","6,118,170","5,985,915","5,822,882","5,645,611","5,463,363","98.9","105.2","105.5","82.7","***","19.9","44.5","64.4","224.1","12.1","60.8","27.1","0.26","***","-0.24","***","7.04","1.34","9.43","10.28","8.59","0.54","30.96","0.26","2.32","2.06","0.20","2.58","2.38","4.58","1.66","4.7","1.69"
"2017100000","","2017年度","13000","","東京都","","1,377","678","699","10.85","***","6,275.4","9,686.0","13,732,951","13,845,936","13,882,538","13,851,782","13,758,624","13,606,683","97.1","104.5","104.3","76.3","***","17.1","35.0","52.1","204.9","11.2","65.7","23.0","0.89","***","-0.05","***","7.92","1.21","8.46","9.06","7.87","0.46","32.75","0.55","3.05","2.50","0.53","3.30","2.77","6.17","1.67","6.4","1.74"
"2017100000","","2017年度","14000","","神奈川県","","917","457","460","7.23","***","3,796.5","6,236.2","9,141,394","9,069,562","8,933,474","8,750,958","8,541,016","8,312,524","99.3","104.7","107.0","80.7","***","19.5","39.5","58.9","202.7","12.3","62.9","24.8","0.23","***","-0.13","***","7.43","1.34","8.76","9.47","8.05","0.59","31.50","0.14","2.27","2.12","0.19","2.47","2.27","5.04","1.68","5.1","1.71"
"2017100000","","2017年度","15000","","新潟県","","227","110","117","1.79","***","180.1","499.9","2,223,647","2,131,156","2,031,445","1,926,432","1,814,665","1,698,989","94.1","105.4","103.8","75.1","***","20.5","54.9","75.4","267.5","11.7","57.0","31.3","-0.83","***","-0.63","***","6.60","1.41","12.93","13.33","12.56","0.44","37.87","-0.29","0.94","1.23","-0.27","1.01","1.28","3.93","1.28","4.0","1.29"
"2017100000","","2017年度","16000","","富山県","","106","51","55","0.83","***","248.6","573.0","1,034,691","996,442","954,745","910,161","863,342","817,398","93.9","106.7","104.8","74.0","***","20.7","55.9","76.6","269.4","11.8","56.6","31.6","-0.47","***","-0.57","***","6.80","1.55","12.46","12.78","12.14","0.27","36.25","-0.10","1.17","1.27","-0.07","1.30","1.37","4.13","1.32","4.2","1.34"
"2017100000","","2017年度","17000","","石川県","","115","56","59","0.90","***","274.2","824.8","1,133,021","1,104,368","1,070,727","1,032,500","990,439","947,918","94.1","104.2","103.0","74.2","***","21.6","49.3","70.9","228.3","12.6","58.5","28.8","-0.26","***","-0.35","***","7.57","1.54","11.09","11.34","10.83","0.44","35.09","-0.05","1.56","1.61","-0.06","1.70","1.76","4.50","1.34","4.6","1.36"
"2017100000","","2017年度","18000","","福井県","","78","38","40","0.61","***","186.1","724.0","764,081","737,898","709,753","679,595","647,241","614,144","94.5","106.1","102.7","75.8","***","22.6","52.0","74.7","229.7","12.9","57.3","29.8","-0.38","***","-0.45","***","7.51","1.62","11.98","12.33","11.66","0.53","37.32","-0.19","1.12","1.32","-0.19","1.29","1.48","4.33","1.39","4.4","1.41"
"2017100000","","2017年度","19000","","山梨県","","83","40","42","0.65","***","185.0","865.5","800,729","763,274","724,352","683,945","641,932","598,935","96.0","106.3","104.7","77.5","***","20.7","51.1","71.8","247.5","12.0","58.2","29.8","-0.60","***","-0.48","***","6.91","1.50","11.72","12.14","11.34","0.50","36.02","-0.32","1.48","1.81","-0.39","1.65","2.04","4.37","1.66","4.5","1.69"
"2017100000","","2017年度","20000","","長野県","","208","102","107","1.64","***","153.5","645.5","2,033,235","1,957,953","1,877,667","1,793,174","1,704,857","1,614,511","95.2","104.7","103.8","77.7","***","22.2","55.3","77.6","248.8","12.5","56.3","31.1","-0.43","***","-0.54","***","6.98","1.56","12.33","12.56","12.10","0.34","36.68","-0.13","1.23","1.36","-0.12","1.37","1.49","4.31","1.54","4.4","1.57"
"2017100000","","2017年度","21000","","岐阜県","","201","98","104","1.59","***","189.4","909.9","1,972,964","1,901,131","1,820,918","1,735,195","1,645,898","1,556,529","94.0","104.8","100.5","78.5","***","22.2","50.7","73.0","228.3","12.9","57.8","29.3","-0.59","***","-0.44","***","6.98","1.51","11.42","12.08","10.79","0.51","35.68","-0.29","1.24","1.52","-0.37","1.46","1.83","4.17","1.47","4.3","1.51"
"2017100000","","2017年度","22000","","静岡県","","368","181","187","2.90","***","473.3","1,338.8","3,615,586","3,506,064","3,380,104","3,241,803","3,094,264","2,942,865","97.1","105.3","105.5","79.1","***","21.7","49.9","71.5","230.4","12.6","58.3","29.1","-0.24","***","-0.40","***","7.13","1.52","11.16","11.69","10.65","0.47","34.94","-0.14","1.36","1.50","-0.11","1.56","1.67","4.50","1.63","4.6","1.66"
"2017100000","","2017年度","23000","","愛知県","","753","376","377","5.93","***","1,455.3","2,519.2","7,505,224","7,455,615","7,359,302","7,227,958","7,070,766","6,899,465","99.9","105.1","107.8","80.7","***","21.7","39.7","61.4","183.4","13.4","62.0","24.6","0.25","***","-0.06","***","8.29","1.54","8.92","9.55","8.30","0.44","32.58","0.06","1.47","1.40","0.08","1.69","1.61","5.32","1.66","5.5","1.70"
"2017100000","","2017年度","24000","","三重県","","180","88","92","1.42","***","311.9","874.6","1,768,098","1,709,820","1,645,050","1,575,867","1,503,635","1,430,804","94.9","105.5","102.9","77.6","***","21.5","49.7","71.2","231.0","12.6","58.4","29.0","-0.44","***","-0.44","***","7.03","1.49","11.40","11.94","10.89","0.35","35.89","-0.23","1.42","1.65","-0.15","1.76","1.90","4.41","1.55","4.5","1.58"
"2017100000","","2017年度","25000","","滋賀県","","141","70","72","1.11","***","352.0","1,081.7","1,409,153","1,394,593","1,371,841","1,341,440","1,304,201","1,262,924","97.2","105.2","103.6","80.3","***","23.4","41.7","65.1","178.5","14.1","60.6","25.3","0.00","***","-0.10","***","8.20","1.54","9.25","9.56","8.96","0.50","33.44","-0.05","1.76","1.81","-0.04","1.98","2.02","4.66","1.56","4.7","1.59"
"2017100000","","2017年度","26000","","京都府","","260","125","136","2.05","***","564.6","2,218.4","2,573,772","2,509,875","2,430,849","2,338,843","2,238,226","2,136,807","91.6","105.3","98.0","75.0","***","19.9","48.0","67.9","241.2","11.9","59.6","28.6","-0.15","***","-0.30","***","7.11","1.31","10.15","10.67","9.67","0.44","32.49","-0.06","2.05","2.12","-0.05","2.22","2.28","4.56","1.58","4.7","1.61"
"2017100000","","2017年度","27000","","大阪府","","884","425","459","6.97","***","4,640.6","6,644.5","8,732,289","8,526,202","8,262,029","7,962,983","7,649,229","7,335,352","92.6","104.6","98.2","76.7","***","20.0","44.8","64.7","224.4","12.1","60.7","27.2","0.00","***","-0.23","***","7.53","1.35","9.85","10.93","8.85","0.53","32.54","0.03","1.73","1.70","0.01","1.86","1.84","5.14","1.92","5.3","1.96"
"2017100000","","2017年度","28000","","兵庫県","","552","263","289","4.35","***","656.5","1,981.7","5,443,224","5,306,083","5,139,095","4,948,778","4,742,647","4,532,499","91.1","105.0","96.3","76.2","***","21.3","47.9","69.2","225.1","12.6","59.1","28.3","-0.20","***","-0.27","***","7.54","1.47","10.26","11.07","9.52","0.43","32.87","-0.12","1.55","1.67","-0.11","1.68","1.79","4.62","1.65","4.7","1.68"
"2017100000","","2017年度","29000","","奈良県","","135","64","71","1.06","***","365.5","1,576.8","1,320,075","1,264,574","1,202,479","1,135,578","1,066,267","998,076","89.2","103.8","93.0","77.4","***","21.0","52.6","73.6","250.3","12.1","57.6","30.3","-0.59","***","-0.41","***","6.65","1.33","10.74","11.55","10.02","0.67","32.39","-0.26","1.72","1.97","-0.26","1.81","2.07","4.07","1.52","4.1","1.54"
"2017100000","","2017年度","30000","","和歌山県","","95","45","50","0.75","***","200.7","850.2","921,152","875,553","829,087","781,816","734,325","688,031","88.8","103.6","95.9","72.7","***","21.2","57.5","78.6","271.4","11.8","55.9","32.2","-0.84","***","-0.67","***","6.82","1.52","13.47","14.21","12.81","0.47","38.43","-0.37","1.13","1.50","-0.35","1.21","1.56","4.26","1.81","4.3","1.83"
"2017100000","","2017年度","31000","","鳥取県","","57","27","30","0.45","***","161.4","628.3","556,367","536,747","516,255","494,893","472,156","448,529","91.2","105.7","101.3","71.6","***","22.6","55.0","77.7","243.1","12.7","56.3","31.0","-0.70","***","-0.57","***","7.61","1.66","13.31","13.69","12.98","0.41","39.26","-0.26","1.50","1.77","-0.24","1.58","1.82","4.27","1.58","4.3","1.60"
"2017100000","","2017年度","32000","","島根県","","69","33","36","0.54","***","102.4","528.9","669,797","642,787","615,424","587,556","558,290","528,988","92.7","104.9","104.4","72.9","***","23.0","62.2","85.1","270.6","12.4","54.1","33.6","-0.58","***","-0.67","***","7.44","1.72","14.11","13.93","14.32","0.44","39.11","-0.22","1.44","1.66","-0.22","1.61","1.83","3.87","1.51","3.9","1.53"
"2017100000","","2017年度","33000","","岡山県","","191","92","99","1.51","***","268.6","861.3","1,889,729","1,846,230","1,796,872","1,741,517","1,681,383","1,620,031","92.3","105.9","99.8","75.0","***","22.2","51.7","73.8","233.3","12.8","57.5","29.7","-0.31","***","-0.35","***","7.80","1.54","11.31","11.74","10.91","0.41","35.02","-0.11","1.44","1.56","-0.17","1.55","1.73","4.62","1.70","4.7","1.72"
"2017100000","","2017年度","34000","","広島県","","283","137","146","2.23","***","334.1","1,225.8","2,814,088","2,758,220","2,689,284","2,609,116","2,520,520","2,428,818","94.0","104.4","102.6","75.5","***","22.3","49.0","71.2","219.8","13.0","58.4","28.6","-0.25","***","-0.31","***","7.82","1.56","10.87","11.25","10.51","0.54","34.69","-0.11","1.61","1.73","-0.20","1.71","1.92","4.65","1.62","4.7","1.65"
"2017100000","","2017年度","35000","","山口県","","138","66","73","1.09","***","226.1","809.6","1,352,379","1,292,809","1,230,324","1,165,692","1,099,619","1,035,661","90.0","105.0","100.0","71.7","***","21.7","61.0","82.7","281.7","11.9","54.7","33.4","-0.86","***","-0.67","***","6.84","1.57","13.54","14.19","12.94","0.92","37.34","-0.30","1.53","1.83","-0.26","1.64","1.90","4.11","1.59","4.1","1.60"
"2017100000","","2017年度","36000","","徳島県","","74","35","39","0.59","***","179.4","736.4","723,087","687,680","651,234","613,686","574,474","535,370","91.0","107.3","98.6","74.6","***","20.3","57.7","78.0","283.5","11.4","56.2","32.4","-0.80","***","-0.68","***","6.97","1.51","13.72","14.24","13.28","0.58","38.93","-0.26","1.23","1.50","-0.30","1.32","1.62","4.01","1.57","4.0","1.58"
"2017100000","","2017年度","37000","","香川県","","97","47","50","0.76","***","515.8","962.6","951,400","921,343","888,509","853,054","814,677","776,478","93.6","105.1","102.2","77.1","***","22.0","55.1","77.1","250.8","12.4","56.5","31.1","-0.51","***","-0.47","***","7.63","1.65","12.29","12.75","11.85","0.68","36.37","-0.10","1.77","1.87","-0.13","1.88","2.01","4.46","1.74","4.5","1.76"
"2017100000","","2017年度","38000","","愛媛県","","137","65","72","1.08","***","241.0","817.6","1,332,802","1,274,128","1,212,388","1,148,113","1,080,610","1,012,995","89.7","105.0","97.9","72.0","***","21.5","57.3","78.9","266.5","12.1","55.9","32.1","-0.65","***","-0.63","***","6.99","1.54","13.27","13.93","12.67","0.34","37.93","-0.24","1.25","1.49","-0.24","1.32","1.56","4.13","1.69","4.2","1.71"
"2017100000","","2017年度","39000","","高知県","","71","34","38","0.56","***","100.5","613.9","691,090","652,757","614,449","575,728","536,443","498,460","89.2","105.1","99.0","71.3","***","20.6","62.7","83.3","305.0","11.3","54.5","34.2","-0.97","***","-0.74","***","6.77","1.56","14.22","14.60","13.84","0.52","38.36","-0.30","1.26","1.55","-0.29","1.31","1.61","4.02","1.78","4.0","1.79"
"2017100000","","2017年度","40000","","福岡県","","512","242","270","4.04","***","1,027.4","1,855.1","5,097,530","5,042,774","4,955,295","4,841,878","4,704,812","4,554,486","89.7","105.2","95.9","71.5","***","22.1","45.4","67.6","205.0","13.2","59.7","27.1","0.20","***","-0.18","***","8.48","1.51","10.25","10.87","9.70","0.54","34.00","0.12","1.94","1.81","0.05","2.03","1.97","5.05","1.88","5.1","1.90"
"2017100000","","2017年度","41000","","佐賀県","","83","39","44","0.65","***","338.0","617.7","810,484","784,789","757,242","728,170","696,815","663,781","89.7","105.5","97.1","71.4","***","24.0","51.0","74.9","212.4","13.7","57.1","29.2","-0.48","***","-0.39","***","8.17","1.64","12.09","12.33","11.87","0.40","37.70","-0.25","1.85","2.10","-0.25","1.96","2.21","4.41","1.56","4.4","1.57"
"2017100000","","2017年度","42000","","長崎県","","136","64","72","1.07","***","328.0","809.0","1,320,596","1,257,939","1,192,223","1,124,291","1,053,851","982,200","88.5","106.0","96.1","71.0","***","22.9","56.0","78.9","245.1","12.8","55.9","31.3","-0.88","***","-0.51","***","7.79","1.70","12.93","13.32","12.58","0.63","37.52","-0.43","1.66","2.09","-0.48","1.72","2.20","4.30","1.54","4.3","1.55"
"2017100000","","2017年度","43000","","熊本県","","177","83","93","1.39","***","238.5","631.9","1,742,273","1,691,314","1,635,901","1,576,825","1,511,793","1,442,442","89.4","105.2","96.1","72.1","***","23.7","53.2","77.0","224.1","13.4","56.5","30.1","-0.45","***","-0.39","***","8.29","1.67","12.22","12.36","12.09","0.44","37.23","-0.22","1.54","1.75","-0.19","1.65","1.85","4.46","1.62","4.5","1.63"
"2017100000","","2017年度","44000","","大分県","","115","55","61","0.91","***","181.7","640.4","1,130,771","1,089,084","1,044,038","996,732","946,917","896,653","89.8","104.3","98.5","72.3","***","22.3","57.2","79.4","256.6","12.4","55.8","31.8","-0.69","***","-0.50","***","7.52","1.62","12.50","13.00","12.05","0.47","36.05","-0.25","1.50","1.75","-0.24","1.62","1.86","4.36","1.69","4.4","1.70"
"2017100000","","2017年度","45000","","宮崎県","","109","51","58","0.86","***","141.0","589.8","1,066,719","1,023,170","976,626","928,034","876,863","824,806","89.1","105.6","95.2","73.0","***","24.2","56.0","80.1","231.5","13.4","55.5","31.1","-0.55","***","-0.45","***","8.06","1.73","12.60","13.30","11.98","0.37","36.96","-0.30","1.62","1.93","-0.26","1.72","1.98","4.30","1.95","4.3","1.97"
"2017100000","","2017年度","46000","","鹿児島県","","163","76","86","1.28","***","177.0","490.8","1,583,263","1,510,970","1,436,753","1,361,575","1,284,036","1,204,146","88.6","105.7","94.2","72.8","***","23.9","55.2","79.2","230.9","13.4","55.8","30.8","-0.67","***","-0.53","***","8.12","1.69","13.43","13.94","12.97","0.56","39.81","-0.29","1.56","1.85","-0.24","1.64","1.89","4.39","1.70","4.4","1.71"
"2017100000","","2017年度","47000","","沖縄県","","145","71","74","1.14","***","634.8","1,238.6","1,459,570","1,468,236","1,469,847","1,465,761","1,452,321","1,428,305","96.7","104.1","100.7","80.4","***","27.7","33.9","61.6","122.7","17.1","61.9","21.0","0.42","***","0.30","***","11.20","1.94","8.25","9.01","7.51","0.60","33.10","-0.08","1.71","1.78","-0.09","1.79","1.89","5.58","2.41","5.7","2.44"
"2022100000","","2022年度","00000","","全国","","12,495","6,076","6,419","100.00","100.00","335.0","1,016.2","***","***","***","***","***","***","94.7","105.0","102.7","76.7","94.7","19.5","48.8","68.4","249.9","11.6","59.4","29.0","-0.44","-4.4","-0.64","-5.8","6.17","1.26","12.56","13.16","11.99","0.44","39.73","-","1.81","1.81","-","2.04","2.04","4.04","1.43","4.1","1.47"
"2022100000","","2022年度","01000","","北海道","","514","243","271","4.11","4.11","65.5","226.4","***","***","***","***","***","***","89.4","104.6","98.5","71.8","89.4","18.1","57.7","75.8","318.1","10.3","56.9","32.8","-0.83","-8.2","-0.93","-8.5","5.14","1.12","14.48","15.28","13.76","0.49","40.52","-0.08","0.95","1.03","-0.07","1.06","1.13","3.63","1.63","3.7","1.65"
"2022100000","","2022年度","02000","","青森県","","120","57","64","0.96","0.96","124.8","370.1","***","***","***","***","***","***","89.3","105.0","100.9","69.9","89.2","18.6","63.2","81.7","340.7","10.2","55.0","34.8","-1.39","-13.9","-1.17","-10.9","4.97","1.24","16.71","17.17","16.29","0.44","44.11","-0.36","1.35","1.71","-0.38","1.43","1.81","3.04","1.38","3.1","1.39"
"2022100000","","2022年度","03000","","岩手県","","118","57","61","0.95","0.94","77.3","314.8","***","***","***","***","***","***","93.3","104.9","105.1","74.0","93.3","19.3","63.0","82.3","326.4","10.6","54.9","34.6","-1.25","-13.2","-1.15","-10.4","4.90","1.21","16.38","16.47","16.29","0.65","43.75","-0.37","1.32","1.69","-0.37","1.43","1.80","2.97","1.26","3.0","1.27"
"2022100000","","2022年度","04000","","宮城県","","228","111","117","1.82","1.82","313.1","715.7","***","***","***","***","***","***","95.2","104.8","102.8","77.9","95.2","18.9","48.3","67.3","255.4","11.3","59.8","28.9","-0.44","-4.4","-0.67","-6.0","5.64","1.09","12.30","12.60","12.01","0.37","38.90","0.04","1.95","1.91","0.03","2.08","2.05","3.70","1.34","3.7","1.35"
"2022100000","","2022年度","05000","","秋田県","","93","44","49","0.74","0.74","79.9","287.6","***","***","***","***","***","***","89.4","104.8","102.9","71.0","89.5","17.8","74.2","91.9","417.4","9.3","52.1","38.6","-1.59","-15.9","-1.43","-13.1","4.29","1.18","18.55","18.78","18.35","0.30","44.93","-0.32","1.11","1.43","-0.30","1.18","1.47","2.63","1.15","2.6","1.15"
"2022100000","","2022年度","06000","","山形県","","104","51","54","0.83","0.83","111.7","362.3","***","***","***","***","***","***","94.2","105.5","104.3","77.5","94.1","20.0","64.0","83.9","320.4","10.9","54.3","34.8","-1.33","-13.1","-1.08","-10.0","5.45","1.32","16.22","16.17","16.27","0.71","43.59","-0.36","1.13","1.49","-0.34","1.25","1.59","3.06","1.15","3.1","1.16"
"2022100000","","2022年度","07000","","福島県","","179","88","91","1.43","1.43","129.9","423.1","***","***","***","***","***","***","97.6","104.2","108.9","78.7","97.6","19.6","58.2","77.8","297.5","11.0","56.3","32.7","-1.21","-12.0","-0.99","-9.2","5.42","1.27","15.30","15.26","15.35","0.58","43.03","-0.37","1.24","1.61","-0.38","1.38","1.75","3.40","1.43","3.4","1.44"
"2022100000","","2022年度","08000","","茨城県","","284","142","142","2.27","2.27","465.8","730.3","***","***","***","***","***","***","99.7","105.1","109.2","82.1","99.7","19.4","52.2","71.6","269.2","11.3","58.3","30.4","-0.42","-4.3","-0.75","-6.9","5.60","1.27","13.12","13.82","12.42","0.63","39.30","0.04","1.69","1.65","0.02","2.10","2.09","3.58","1.37","3.7","1.41"
"2022100000","","2022年度","09000","","栃木県","","191","95","96","1.53","1.53","297.9","635.3","***","***","***","***","***","***","99.6","106.7","108.8","81.6","99.6","19.4","51.0","70.4","263.6","11.4","58.7","29.9","-0.62","-6.5","-0.76","-6.9","5.51","1.24","13.09","13.43","12.77","0.34","39.92","-0.08","1.63","1.72","-0.02","2.01","2.03","3.75","1.39","3.8","1.43"
"2022100000","","2022年度","10000","","群馬県","","191","95","97","1.53","1.53","300.7","843.1","***","***","***","***","***","***","98.0","105.7","107.5","80.1","98.0","19.5","53.2","72.7","272.7","11.3","57.9","30.8","-0.73","-6.9","-0.83","-7.4","5.59","1.32","13.90","14.43","13.38","0.44","41.73","-0.09","1.43","1.52","-0.02","1.91","1.93","3.50","1.45","3.6","1.49"
"2022100000","","2022年度","11000","","埼玉県","","734","364","369","5.87","5.87","1,931.9","2,818.6","***","***","***","***","***","***","98.6","105.1","106.2","81.5","98.6","18.9","44.8","63.7","237.0","11.5","61.1","27.4","-0.04","-0.5","-0.53","-4.7","5.92","1.17","11.21","12.21","10.22","0.37","37.10","0.26","2.24","1.98","0.35","2.62","2.27","3.93","1.40","4.0","1.44"
"2022100000","","2022年度","12000","","千葉県","","627","310","316","5.01","5.01","1,215.1","1,773.5","***","***","***","***","***","***","98.2","105.2","106.0","80.7","98.2","18.9","46.2","65.1","244.5","11.4","60.6","28.0","-0.14","-1.5","-0.56","-5.0","5.90","1.18","11.53","12.51","10.57","0.49","37.40","0.30","2.31","2.01","0.14","2.61","2.48","3.96","1.37","4.1","1.41"
"2022100000","","2022年度","13000","","東京都","","1,404","689","715","11.24","11.24","6,398.2","9,866.5","***","***","***","***","***","***","96.4","104.8","103.1","76.0","96.4","16.5","34.4","50.9","208.6","10.9","66.3","22.8","0.20","2.0","-0.34","-3.0","6.49","1.04","9.92","10.43","9.43","0.42","39.15","0.24","2.84","2.60","0.27","3.13","2.86","5.36","1.37","5.6","1.43"
"2022100000","","2022年度","14000","","神奈川県","","923","458","465","7.39","7.39","3,820.7","6,263.0","***","***","***","***","***","***","98.4","104.9","106.4","79.2","98.4","18.2","41.1","59.3","226.3","11.4","62.8","25.8","-0.04","-0.4","-0.46","-4.0","6.12","1.17","10.70","11.49","9.93","0.47","37.51","0.24","2.33","2.08","0.30","2.58","2.28","4.35","1.39","4.5","1.42"
"2022100000","","2022年度","15000","","新潟県","","215","105","111","1.72","1.72","171.1","473.2","***","***","***","***","***","***","94.5","104.3","104.8","77.0","94.5","19.7","60.4","80.1","307.2","10.9","55.5","33.5","-1.10","-11.2","-0.96","-9.0","5.45","1.27","15.01","15.15","14.87","0.48","41.62","-0.28","0.95","1.23","-0.27","1.06","1.33","3.17","1.12","3.2","1.13"
"2022100000","","2022年度","16000","","富山県","","102","50","52","0.81","0.81","239.4","552.0","***","***","***","***","***","***","94.8","105.6","107.3","74.5","94.8","19.5","58.8","78.2","301.8","10.9","56.1","33.0","-0.78","-8.7","-0.89","-8.1","5.92","1.46","14.80","14.92","14.69","0.31","41.95","-0.15","1.16","1.31","-0.13","1.39","1.51","3.44","1.06","3.5","1.08"
"2022100000","","2022年度","17000","","石川県","","112","54","58","0.89","0.89","267.1","801.6","***","***","***","***","***","***","94.4","104.7","103.8","75.1","94.4","20.4","52.2","72.5","256.1","11.8","57.9","30.3","-0.62","-6.7","-0.65","-6.0","6.33","1.38","12.81","12.98","12.64","0.42","39.28","-0.19","1.47","1.66","-0.21","1.71","1.92","3.77","1.12","3.8","1.14"
"2022100000","","2022年度","18000","","福井県","","75","37","39","0.60","0.60","179.7","698.9","***","***","***","***","***","***","95.6","104.4","105.8","76.7","95.6","21.6","55.2","76.8","255.4","12.2","56.6","31.2","-0.92","-10.0","-0.75","-6.8","6.46","1.50","13.97","13.95","13.99","0.52","41.85","-0.34","1.12","1.46","-0.48","1.33","1.81","3.74","1.13","3.8","1.15"
"2022100000","","2022年度","19000","","山梨県","","80","39","41","0.64","0.64","179.6","841.5","***","***","***","***","***","***","96.6","104.5","106.3","78.7","96.6","19.3","54.8","74.1","283.1","11.1","57.4","31.5","-0.37","-4.3","-0.79","-7.2","5.93","1.40","13.83","14.01","13.65","0.54","40.74","-0.00","1.69","1.70","0.09","2.01","1.93","3.58","1.41","3.7","1.44"
"2022100000","","2022年度","20000","","長野県","","202","99","103","1.62","1.62","149.0","621.7","***","***","***","***","***","***","95.7","105.3","104.9","79.0","95.7","20.8","58.2","79.0","279.6","11.6","55.9","32.5","-0.64","-6.5","-0.81","-7.3","6.01","1.43","14.11","14.32","13.91","0.37","40.63","-0.01","1.38","1.38","0.03","1.63","1.60","3.61","1.27","3.7","1.29"
"2022100000","","2022年度","21000","","岐阜県","","195","95","100","1.56","1.56","183.2","880.3","***","***","***","***","***","***","94.4","104.4","102.4","78.2","94.4","20.8","54.4","75.2","261.5","11.9","57.1","31.0","-0.76","-7.7","-0.77","-7.0","5.72","1.36","13.45","14.22","12.73","0.58","40.29","-0.24","1.29","1.53","-0.20","1.70","1.90","3.35","1.32","3.5","1.36"
"2022100000","","2022年度","22000","","静岡県","","358","177","182","2.87","2.87","460.6","1,291.1","***","***","***","***","***","***","97.2","105.4","106.6","79.3","97.3","20.2","53.3","73.5","264.0","11.7","57.6","30.7","-0.72","-7.0","-0.75","-6.7","5.74","1.33","13.21","13.73","12.71","0.50","39.76","-0.17","1.36","1.53","-0.13","1.65","1.78","3.66","1.38","3.8","1.42"
"2022100000","","2022年度","23000","","愛知県","","750","373","376","6.00","6.00","1,448.8","2,501.7","***","***","***","***","***","***","99.3","105.4","107.4","79.7","99.3","20.5","41.5","62.0","202.5","12.6","61.7","25.6","-0.29","-2.9","-0.40","-3.5","6.82","1.35","10.83","11.54","10.13","0.43","38.64","-0.07","1.38","1.45","-0.11","1.65","1.76","4.46","1.48","4.6","1.53"
"2022100000","","2022年度","24000","","三重県","","174","85","89","1.39","1.39","301.7","843.9","***","***","***","***","***","***","95.5","105.1","104.5","77.6","95.6","20.2","52.7","72.9","260.3","11.7","57.9","30.5","-0.80","-7.7","-0.74","-6.7","6.02","1.40","13.40","13.84","12.97","0.24","40.94","-0.22","1.44","1.66","-0.26","1.83","2.09","3.70","1.42","3.8","1.47"
"2022100000","","2022年度","25000","","滋賀県","","141","70","71","1.13","1.13","350.7","1,084.2","***","***","***","***","***","***","97.3","105.5","104.1","80.0","97.4","22.0","44.7","66.7","203.2","13.2","60.0","26.8","-0.14","-1.1","-0.37","-3.1","6.93","1.43","10.68","11.12","10.25","0.48","36.72","0.04","1.84","1.81","0.11","2.24","2.13","4.00","1.30","4.1","1.34"
"2022100000","","2022年度","26000","","京都府","","255","122","133","2.04","2.04","552.9","2,166.0","***","***","***","***","***","***","91.3","105.8","98.6","74.4","91.3","18.7","49.9","68.6","267.7","11.1","59.3","29.6","-0.43","-4.5","-0.64","-6.1","5.91","1.18","12.35","13.12","11.64","0.56","38.66","-0.13","2.05","2.19","-0.08","2.32","2.40","3.75","1.38","3.9","1.41"
"2022100000","","2022年度","27000","","大阪府","","878","420","458","7.03","7.03","4,609.2","6,582.9","***","***","***","***","***","***","91.7","104.9","98.3","74.5","91.7","18.7","45.5","64.2","242.7","11.4","60.9","27.7","-0.27","-2.7","-0.56","-5.2","6.53","1.22","12.10","13.33","10.97","0.44","39.76","0.08","1.78","1.70","0.07","1.98","1.90","4.60","1.65","4.7","1.70"
"2022100000","","2022年度","28000","","兵庫県","","540","257","284","4.32","4.32","643.0","1,950.6","***","***","***","***","***","***","90.5","105.1","96.6","75.2","90.5","20.4","51.0","71.5","249.7","11.9","58.3","29.8","-0.55","-5.5","-0.61","-5.7","6.21","1.31","12.32","13.14","11.57","0.31","38.16","-0.11","1.56","1.67","-0.10","1.75","1.85","3.86","1.46","3.9","1.49"
"2022100000","","2022年度","29000","","奈良県","","131","61","69","1.05","1.05","353.8","1,529.5","***","***","***","***","***","***","88.9","104.1","93.9","76.3","88.9","20.1","57.6","77.7","285.8","11.4","56.3","32.4","-0.68","-7.2","-0.75","-7.0","5.60","1.25","13.14","14.04","12.37","0.55","37.72","-0.13","1.70","1.84","-0.09","1.87","1.97","3.22","1.36","3.3","1.38"
"2022100000","","2022年度","30000","","和歌山県","","90","43","48","0.72","0.72","191.1","803.8","***","***","***","***","***","***","89.3","104.0","97.2","73.4","89.2","20.4","62.0","82.4","304.0","11.2","54.8","34.0","-1.20","-11.3","-1.00","-9.5","5.80","1.39","15.84","16.63","15.14","0.45","43.35","-0.26","1.23","1.49","-0.22","1.36","1.58","3.54","1.53","3.6","1.55"
"2022100000","","2022年度","31000","","鳥取県","","54","26","28","0.44","0.44","155.1","601.6","***","***","***","***","***","***","91.5","106.3","101.4","73.1","91.7","22.1","60.4","82.6","272.7","12.2","54.8","33.1","-0.91","-9.1","-0.79","-7.6","6.90","1.60","14.76","14.84","14.69","0.25","41.53","-0.24","1.46","1.71","-0.24","1.59","1.83","3.64","1.40","3.7","1.42"
"2022100000","","2022年度","32000","","島根県","","66","32","34","0.53","0.53","98.1","517.7","***","***","***","***","***","***","93.5","107.9","105.3","74.8","93.8","22.6","65.4","88.0","289.9","12.0","53.3","34.7","-1.05","-10.5","-0.95","-8.8","6.32","1.57","15.86","15.92","15.80","0.22","42.87","-0.22","1.46","1.68","-0.27","1.60","1.88","3.29","1.24","3.3","1.25"
"2022100000","","2022年度","33000","","岡山県","","186","90","97","1.49","1.49","261.7","835.5","***","***","***","***","***","***","92.8","105.5","100.6","75.5","92.7","21.2","54.0","75.2","255.1","12.1","57.1","30.8","-0.75","-7.4","-0.67","-6.1","6.64","1.39","13.37","13.85","12.93","0.37","40.34","-0.19","1.40","1.58","-0.30","1.57","1.87","3.97","1.50","4.0","1.52"
"2022100000","","2022年度","34000","","広島県","","276","134","142","2.21","2.21","325.5","1,201.0","***","***","***","***","***","***","94.1","104.8","102.8","76.0","94.1","21.3","51.8","73.1","242.9","12.3","57.7","29.9","-0.72","-7.2","-0.62","-5.6","6.49","1.40","12.66","13.09","12.25","0.27","39.08","-0.22","1.51","1.72","-0.33","1.66","1.99","3.94","1.44","4.0","1.46"
"2022100000","","2022年度","35000","","山口県","","131","62","69","1.05","1.05","214.8","765.5","***","***","***","***","***","***","90.6","104.2","101.4","72.4","90.6","20.9","65.6","86.5","314.3","11.2","53.6","35.2","-1.13","-10.6","-0.98","-9.5","5.91","1.47","15.76","16.04","15.50","0.31","42.02","-0.21","1.58","1.79","-0.21","1.77","1.98","3.50","1.34","3.5","1.35"
"2022100000","","2022年度","36000","","徳島県","","70","34","37","0.56","0.56","169.8","692.7","***","***","***","***","***","***","91.3","105.4","100.0","75.7","91.5","19.6","64.4","84.0","328.0","10.7","54.3","35.0","-1.12","-11.4","-0.97","-9.3","5.89","1.42","15.58","15.92","15.27","0.27","41.49","-0.27","1.27","1.53","-0.32","1.41","1.73","3.37","1.43","3.4","1.44"
"2022100000","","2022年度","37000","","香川県","","93","45","48","0.75","0.75","497.6","929.3","***","***","***","***","***","***","93.4","105.6","102.3","76.6","93.5","21.1","57.9","78.9","274.5","11.8","55.8","32.4","-0.85","-8.7","-0.83","-7.6","6.21","1.45","14.51","14.73","14.30","0.31","41.96","-0.23","1.62","1.85","-0.28","1.81","2.09","3.68","1.58","3.7","1.60"
"2022100000","","2022年度","38000","","愛媛県","","131","62","69","1.05","1.05","230.1","784.0","***","***","***","***","***","***","90.4","104.2","99.4","73.0","90.4","20.5","61.9","82.4","301.4","11.3","54.8","33.9","-1.14","-10.9","-0.95","-9.0","5.80","1.39","15.31","15.65","15.00","0.34","42.06","-0.26","1.28","1.54","-0.30","1.42","1.72","3.43","1.48","3.5","1.49"
"2022100000","","2022年度","39000","","高知県","","68","32","36","0.54","0.54","95.2","582.5","***","***","***","***","***","***","89.9","105.7","100.6","71.8","89.7","20.0","67.8","87.8","338.9","10.6","53.3","36.1","-1.17","-12.2","-1.15","-10.8","5.50","1.36","16.97","17.39","16.60","0.62","43.98","-0.22","1.29","1.51","-0.21","1.40","1.61","3.24","1.58","3.3","1.59"
"2022100000","","2022年度","40000","","福岡県","","512","242","269","4.09","4.09","1,025.7","1,850.6","***","***","***","***","***","***","90.0","104.4","96.7","72.1","90.0","21.7","48.1","69.8","221.6","12.8","58.9","28.3","-0.16","-1.5","-0.50","-4.6","7.03","1.33","11.98","12.45","11.56","0.46","38.76","0.17","1.93","1.76","0.10","2.07","1.98","4.27","1.65","4.3","1.68"
"2022100000","","2022年度","41000","","佐賀県","","80","38","42","0.64","0.64","328.2","600.2","***","***","***","***","***","***","90.3","105.9","98.2","73.1","90.3","23.6","56.5","80.2","239.0","13.2","55.4","31.4","-0.62","-6.4","-0.71","-6.4","6.93","1.53","13.99","14.18","13.81","0.26","41.41","-0.14","1.87","2.01","-0.11","2.07","2.19","3.68","1.30","3.7","1.31"
"2022100000","","2022年度","42000","","長崎県","","128","60","68","1.03","1.03","310.6","769.2","***","***","***","***","***","***","89.0","105.2","96.6","73.0","88.9","22.9","63.0","85.9","275.3","12.3","53.8","33.9","-1.08","-10.6","-0.85","-8.2","6.52","1.57","15.05","15.34","14.80","0.30","41.39","-0.40","1.63","2.04","-0.41","1.75","2.15","3.44","1.36","3.5","1.38"
"2022100000","","2022年度","43000","","熊本県","","172","81","90","1.37","1.38","231.9","625.5","***","***","***","***","***","***","90.0","104.6","97.3","74.1","90.1","23.6","58.5","82.2","247.5","13.0","54.9","32.1","-0.58","-5.7","-0.73","-6.7","6.91","1.52","14.22","14.42","14.04","0.58","41.12","-0.04","1.61","1.65","-0.02","1.82","1.84","3.70","1.44","3.7","1.46"
"2022100000","","2022年度","44000","","大分県","","111","53","58","0.89","0.89","174.6","616.7","***","***","***","***","***","***","90.5","104.7","100.0","73.6","90.6","21.8","62.7","84.5","287.0","11.8","54.2","33.9","-0.63","-6.8","-0.86","-7.9","6.14","1.49","14.69","15.14","14.29","0.37","40.43","-0.16","1.57","1.73","-0.14","1.83","1.97","3.65","1.48","3.7","1.50"
"2022100000","","2022年度","45000","","宮崎県","","105","50","56","0.84","0.84","136.0","561.0","***","***","***","***","***","***","89.5","104.5","96.9","74.3","89.5","24.1","62.3","86.4","258.8","12.9","53.7","33.4","-0.85","-8.4","-0.85","-7.9","6.78","1.63","15.31","15.90","14.79","0.46","42.49","-0.17","1.61","1.78","-0.12","1.78","1.90","3.62","1.67","3.6","1.68"
"2022100000","","2022年度","46000","","鹿児島県","","156","74","83","1.25","1.25","170.1","475.5","***","***","***","***","***","***","89.5","105.1","95.3","76.1","89.5","24.0","62.4","86.4","260.2","12.9","53.6","33.5","-0.82","-8.7","-0.86","-8.1","6.74","1.54","15.31","15.61","15.04","0.55","42.32","-0.16","1.57","1.73","-0.15","1.72","1.87","3.60","1.57","3.6","1.58"
"2022100000","","2022年度","47000","","沖縄県","","147","72","75","1.17","1.18","643.3","1,303.6","***","***","***","***","***","***","96.9","105.1","101.4","82.0","96.9","27.1","38.9","66.1","143.3","16.3","60.2","23.5","0.00","-0.1","-0.10","-0.5","9.26","1.70","10.25","10.93","9.58","0.42","38.03","-0.09","1.75","1.84","-0.09","1.88","1.97","4.46","2.10","4.5","2.13"
